## System ID,Tag Name,Retentive Mode,Initial Value,MODBUS Start Address,MODBUS End Address,Number of Characters,Number of Rows,Number of Columns,Wiring Label,Comment,Forceable,Init Forced,Init Force Value,Remote Access,I/O Address,Data Type,Structure Type,BOW Details
## 3.0
SBR-001008,"1 Minute Bit",false,"False",,,,,,,"On for 30 seconds and Off for 30 seconds",,,,false,,"SBR",,false,
SBR-001009,"2 Second Bit",false,"False",,,,,,,"On for 1 second and Off for 1 second",,,,false,,"SBR",,false,
AIF32-0.1.1.2,"AIF32-0.1.1.2",false,"0.0",,,,,,,,false,false,"0.0",false,"AIF32-0.1.1.2","AIF32",,false,
AIF32-0.1.1.5,"AIF32-0.1.1.5",false,"0.0",,,,,,,,false,false,"0.0",false,"AIF32-0.1.1.5","AIF32",,false,
AIS32-0.1.7.5,"AIS32-0.1.7.5",false,"0",,,,,,,,false,false,"0",false,"AIS32-0.1.7.5","AIS32",,false,
AIS32-0.1.7.6,"AIS32-0.1.7.6",false,"0",,,,,,,,false,false,"0",false,"AIS32-0.1.7.6","AIS32",,false,
AIS32-0.1.7.7,"AIS32-0.1.7.7",false,"0",,,,,,,,false,false,"0",false,"AIS32-0.1.7.7","AIS32",,false,
AIS32-0.1.7.8,"AIS32-0.1.7.8",false,"0",,,,,,,,false,false,"0",false,"AIS32-0.1.7.8","AIS32",,false,
AOS32-0.1.2.2,"AOS32-0.1.2.2",false,"0",,,,,,,,false,false,"0",false,"AOS32-0.1.2.2","AOS32",,false,
AOS32-0.1.2.3,"AOS32-0.1.2.3",false,"0",,,,,,,,false,false,"0",false,"AOS32-0.1.2.3","AOS32",,false,
AOS32-0.1.2.4,"AOS32-0.1.2.4",false,"0",,,,,,,,false,false,"0",false,"AOS32-0.1.2.4","AOS32",,false,
AOS32-0.1.2.5,"AOS32-0.1.2.5",false,"0",,,,,,,,false,false,"0",false,"AOS32-0.1.2.5","AOS32",,false,
AOS32-0.1.2.6,"AOS32-0.1.2.6",false,"0",,,,,,,,false,false,"0",false,"AOS32-0.1.2.6","AOS32",,false,
AOS32-0.1.2.7,"AOS32-0.1.2.7",false,"0",,,,,,,,false,false,"0",false,"AOS32-0.1.2.7","AOS32",,false,
AOS32-0.1.2.8,"AOS32-0.1.2.8",false,"0",,,,,,,,false,false,"0",false,"AOS32-0.1.2.8","AOS32",,false,
SBR-001002,"Always Off Bit",false,"False",,,,,,,"always off",,,,false,,"SBR",,false,
SBR-001017,"Array out of range error",false,"False",,,,,,,"On if an array index is outside the range of the array",,,,false,,"SBR",,false,
SWR-001514,"Array range error rung location",false,"0",,,,,,,"Rung Number in which ""Array out of range error"" occurred",,,,false,,"SWR",,false,
SWR-001513,"Array range error task location",false,"0",,,,,,,"Task Number in which ""Array out of range error"" occurred",,,,false,,"SWR",,false,
SWR-001506,"Avg Logic Scan Time [x100=usec]",false,"0",,,,,,,"average logic scan time",,,,false,,"SWR",,false,
SWR-001503,"Avg Scan Interval [x100=usec]",false,"0",,,,,,,"average overall scan time",,,,false,,"SWR",,false,
SBR-001006,"Battery Disabled",false,"False",,,,,,,"On if the ""CPU Battery Alarm"" is disabled in H/W Configuration",,,,false,,"SBR",,false,
SBR-001005,"Battery Low Bit",false,"False",,,,,,,"On if the battery is weak (""CPU Battery Alarm"" in H/W Configuration)",,,,false,,"SBR",,false,
SWR-001518,"Battery Voltage",false,"0",,,,,,,"battery voltage in 10ths of a volt",,,,false,,"SWR",,false,
DI-0.1.5.3,"Button_EStop-isPressed",false,"False",,,,,,,,false,false,"False",false,"DI-0.1.5.3","DI",,false,
C-000012,"Button_Start-Initial Unpress",false,"False",,,,,,,,false,false,"False",false,,"C",,false,
C-000013,"Button_Start-Pressed 3sec",false,"False",,,,,,,,false,false,"False",false,,"C",,false,
S32-000002,"Button_Start-Timer",false,"0",,,,,,,,false,false,"0",false,,"S32",,false,
DI-0.1.5.1,"Button_Start-isPressed",false,"False",,,,,,,,false,false,"False",false,"DI-0.1.5.1","DI",,false,
S32-000003,"Button_Stop-Timer",false,"0",,,,,,,,false,false,"0",false,,"S32",,false,
C-000056,"Button_Stop-Timer Complete",false,"False",,,,,,,,false,false,"False",false,,"C",,false,
DI-0.1.5.2,"Button_Stop-isPressed",false,"False",,,,,,,,false,false,"False",false,"DI-0.1.5.2","DI",,false,
SSTR-000041,"CPU Event Log String 01",false,,,,50,,,,"most recent CPU event log message",,,,false,,"SSTR",,false,
SSTR-000042,"CPU Event Log String 02",false,,,,50,,,,"2nd most recent CPU event log message",,,,false,,"SSTR",,false,
SSTR-000043,"CPU Event Log String 03",false,,,,50,,,,"3rd most recent CPU event log message",,,,false,,"SSTR",,false,
SSTR-000044,"CPU Event Log String 04",false,,,,50,,,,"4th most recent CPU event log message",,,,false,,"SSTR",,false,
SSTR-000045,"CPU Event Log String 05",false,,,,50,,,,"5th most recent CPU event log message",,,,false,,"SSTR",,false,
SSTR-000046,"CPU Event Log String 06",false,,,,50,,,,"6th most recent CPU event log message",,,,false,,"SSTR",,false,
SSTR-000047,"CPU Event Log String 07",false,,,,50,,,,"7th most recent CPU event log message",,,,false,,"SSTR",,false,
SSTR-000048,"CPU Event Log String 08",false,,,,50,,,,"8th most recent CPU event log message",,,,false,,"SSTR",,false,
SSTR-000049,"CPU Event Log String 09",false,,,,50,,,,"9th most recent CPU event log message",,,,false,,"SSTR",,false,
SSTR-000050,"CPU Event Log String 10",false,,,,50,,,,"10th most recent CPU event log message",,,,false,,"SSTR",,false,
SSTR-000051,"CPU Event Log String 11",false,,,,50,,,,"11th most recent CPU event log message",,,,false,,"SSTR",,false,
SSTR-000052,"CPU Event Log String 12",false,,,,50,,,,"12th most recent CPU event log message",,,,false,,"SSTR",,false,
SSTR-000053,"CPU Event Log String 13",false,,,,50,,,,"13th most recent CPU event log message",,,,false,,"SSTR",,false,
SSTR-000054,"CPU Event Log String 14",false,,,,50,,,,"14th most recent CPU event log message",,,,false,,"SSTR",,false,
SSTR-000055,"CPU Event Log String 15",false,,,,50,,,,"15th most recent CPU event log message",,,,false,,"SSTR",,false,
SSTR-000056,"CPU Event Log String 16",false,,,,50,,,,"16th most recent CPU event log message",,,,false,,"SSTR",,false,
SSTR-000057,"CPU Event Log String 17",false,,,,50,,,,"17th most recent CPU event log message",,,,false,,"SSTR",,false,
SSTR-000058,"CPU Event Log String 18",false,,,,50,,,,"18th most recent CPU event log message",,,,false,,"SSTR",,false,
SSTR-000059,"CPU Event Log String 19",false,,,,50,,,,"19th most recent CPU event log message",,,,false,,"SSTR",,false,
SSTR-000060,"CPU Event Log String 20",false,,,,50,,,,"20th most recent CPU event log message",,,,false,,"SSTR",,false,
SSTR-000101,"CPU Model Name",false,,,,50,,,,"CPU Model (ex: ""P3-550"")",,,,false,,"SSTR",,false,
SSTR-000102,"CPU Program File Name",false,,,,50,,,,"CPU program file name",,,,false,,"SSTR",,false,
SBR-001001,"CPU in Run",false,"False",,,,,,,"On during Run or Debug mode",,,,false,,"SBR",,false,
SWR-001523,"Clock Day",false,"0",,,,,,,"current Real Time Clock Calendar Day",,,,false,,"SWR",,false,
SWRW-001754,"Clock Day Set",false,"0",,,,,,,"new Real Time Clock Day (set all 3 date values then set ""Initiate_New_Date"" on)",,,,false,,"SWRW",,false,
SWR-001522,"Clock Day of Week",false,"0",,,,,,,"current Real Time Clock Day of the week (1=Mon ...7=Sun)",,,,false,,"SWR",,false,
SWR-001521,"Clock Hours",false,"0",,,,,,,"current Real Time Clock Hours",,,,false,,"SWR",,false,
SWRW-001753,"Clock Hours Set",false,"0",,,,,,,"new Real Time Clock Hours (set all 3 time values then set ""Initiate_New_Time"" on)",,,,false,,"SWRW",,false,
SWR-001520,"Clock Minutes",false,"0",,,,,,,"current Real Time Clock Minutes",,,,false,,"SWR",,false,
SWRW-001752,"Clock Minutes Set",false,"0",,,,,,,"new Real Time Clock Minutes (set all 3 time values then set ""Initiate_New_Time"" on)",,,,false,,"SWRW",,false,
SWR-001524,"Clock Month",false,"0",,,,,,,"current Real Time Clock Calendar Month",,,,false,,"SWR",,false,
SWRW-001755,"Clock Month Set",false,"0",,,,,,,"new Real Time Clock Month (set all 3 date values then set ""Initiate_New_Date"" on)",,,,false,,"SWRW",,false,
SWR-001519,"Clock Seconds",false,"0",,,,,,,"current Real Time Clock Seconds",,,,false,,"SWR",,false,
SWRW-001751,"Clock Seconds Set",false,"0",,,,,,,"new Real Time Clock Seconds (set all 3 time values then set ""Initiate_New_Time"" on)",,,,false,,"SWRW",,false,
SWR-001525,"Clock Year",false,"0",,,,,,,"current Real Time Clock Calendar Year",,,,false,,"SWR",,false,
SWRW-001756,"Clock Year Set",false,"0",,,,,,,"new Real Time Clock Year (set all 3 date values then set ""Initiate_New_Date"" on)",,,,false,,"SWRW",,false,
S32-000077,"Comp-Density-Feedback-DWord",false,"0",,,,,,,,false,false,"0",false,,"S32",,false,
US16-000004,"Comp-Density-Feedback-Word1",false,"0",,,,,,,,false,false,"0",false,,"US16",,false,
US16-000005,"Comp-Density-Feedback-Word2",false,"0",,,,,,,,false,false,"0",false,,"US16",,false,
F32-000044,"Comp-Density-Feedback-g/ccm",false,"0.0",,,,,,,,false,false,"0.0",false,,"F32",,false,
S32-000074,"Comp-Mass-Flow-Feedback-DWord",false,"0",,,,,,,,false,false,"0",false,,"S32",,false,
US16-000002,"Comp-Mass-Flow-Feedback-Word1",false,"0",,,,,,,,false,false,"0",false,,"US16",,false,
US16-000003,"Comp-Mass-Flow-Feedback-Word2",false,"0",,,,,,,,false,false,"0",false,,"US16",,false,
S32-000075,"Comp-Pressure-Feedback-DWord",false,"0",,,,,,,,false,false,"0",false,,"S32",,false,
F32-000046,"Comp-Pressure-Feedback-Float",false,"0.0",,,,,,,,false,false,"0.0",false,,"F32",,false,
US16-000008,"Comp-Pressure-Feedback-Word1",false,"0",,,,,,,,false,false,"0",false,,"US16",,false,
US16-000009,"Comp-Pressure-Feedback-Word2",false,"0",,,,,,,,false,false,"0",false,,"US16",,false,
S32-000079,"Comp-Temp-Feedback-DWord",false,"0",,,,,,,,false,false,"0",false,,"S32",,false,
US16-000006,"Comp-Temp-Feedback-Word1",false,"0",,,,,,,,false,false,"0",false,,"US16",,false,
US16-000007,"Comp-Temp-Feedback-Word2",false,"0",,,,,,,,false,false,"0",false,,"US16",,false,
F32-000047,"Comp-Temp-Feedback-degC",false,"0.0",,,,,,,,false,false,"0.0",false,,"F32",,false,
C-000047,"Compressor-Active",false,"False",,,,,,,,false,false,"False",false,,"C",,false,
F32-000045,"Compressor-CurrentMassFlow kg/m",false,"0.0",,,,,,,,false,false,"0.0",false,,"F32",,false,
F32-000056,"Compressor-CurrentMassFlow kg/s",false,"0.0",,,,,,,,false,false,"0.0",false,,"F32",,false,
F32-000057,"Compressor-FLOW VERIF MIN kg/s",false,"0.0",,,,,,,,false,false,"0.0",false,,"F32",,false,
AR1F32-000005,"Compressor-Flow Set Point Limits()",FALSE,,,,,,2,,,,,,false,,"AR1F32",,
AR1F32-000005(1),"Compressor-Flow Set Point Limits(1)",FALSE,"0.0",,,,,2,,,,,,false,,"AR1F32",,false
AR1F32-000005(2),"Compressor-Flow Set Point Limits(2)",FALSE,"0.0",,,,,,,,,,,false,,"AR1F32",,false
AOS32-0.1.2.1,"Compressor-Flow Set Point int32",false,"0",,,,,,,,false,false,"0",false,"AOS32-0.1.2.1","AOS32",,false,
F32-000009,"Compressor-Flow Set Point kg/s",false,"0.0",,,,,,,,false,false,"0.0",false,,"F32",,false,
C-000076,"Compressor-Flow Steady",false,"False",,,,,,,,false,false,"False",false,,"C",,false,
S32-000068,"Compressor-Flow Steady Time",false,"0",,,,,,,,false,false,"0",false,,"S32",,false,
C-000075,"Compressor-FlowRateInitVerified",false,"False",,,,,,,,false,false,"False",false,,"C",,false,
S32-000070,"Compressor-Loop Time",false,"0",,,,,,,,false,false,"0",false,,"S32",,false,
C-000090,"Compressor-Loop Timer Complete",false,"False",,,,,,,,false,false,"False",false,,"C",,false,
S32-000069,"Compressor-Loop Tuned Delay csec",false,"0",,,,,,,,false,false,"0",false,,"S32",,false,
F32-000054,"Compressor-SUBCOOLING TARGET",false,"0.0",,,,,,,,false,false,"0.0",false,,"F32",,false,
C-000091,"Compressor-Set",false,"False",,,,,,,,false,false,"False",false,,"C",,false,
SBR-001012,"Critical Error Bit",false,"False",,,,,,,"On when a critical error is active",,,,false,,"SBR",,false,
SWR-000001,"Critical Error Log 01",false,"0",,,,,,,"most recent critical error",,,,false,,"SWR",,false,
SWR-000002,"Critical Error Log 02",false,"0",,,,,,,"2nd most recent critical error",,,,false,,"SWR",,false,
SWR-000003,"Critical Error Log 03",false,"0",,,,,,,"3rd most recent critical error",,,,false,,"SWR",,false,
SWR-000004,"Critical Error Log 04",false,"0",,,,,,,"4th most recent critical error",,,,false,,"SWR",,false,
SWR-000005,"Critical Error Log 05",false,"0",,,,,,,"5th most recent critical error",,,,false,,"SWR",,false,
SWR-000006,"Critical Error Log 06",false,"0",,,,,,,"6th most recent critical error",,,,false,,"SWR",,false,
SWR-000007,"Critical Error Log 07",false,"0",,,,,,,"7th most recent critical error",,,,false,,"SWR",,false,
SWR-000008,"Critical Error Log 08",false,"0",,,,,,,"8th most recent critical error",,,,false,,"SWR",,false,
SWR-000009,"Critical Error Log 09",false,"0",,,,,,,"9th most recent critical error",,,,false,,"SWR",,false,
SWR-000010,"Critical Error Log 10",false,"0",,,,,,,"10th most recent critical error",,,,false,,"SWR",,false,
SWR-000011,"Critical Error Log 11",false,"0",,,,,,,"11th most recent critical error",,,,false,,"SWR",,false,
SWR-000012,"Critical Error Log 12",false,"0",,,,,,,"12th most recent critical error",,,,false,,"SWR",,false,
SWR-000013,"Critical Error Log 13",false,"0",,,,,,,"13th most recent critical error",,,,false,,"SWR",,false,
SWR-000014,"Critical Error Log 14",false,"0",,,,,,,"14th most recent critical error",,,,false,,"SWR",,false,
SWR-000015,"Critical Error Log 15",false,"0",,,,,,,"15th most recent critical error",,,,false,,"SWR",,false,
SWR-000016,"Critical Error Log 16",false,"0",,,,,,,"16th most recent critical error",,,,false,,"SWR",,false,
SWR-000017,"Critical Error Log 17",false,"0",,,,,,,"17th most recent critical error",,,,false,,"SWR",,false,
SWR-000018,"Critical Error Log 18",false,"0",,,,,,,"18th most recent critical error",,,,false,,"SWR",,false,
SWR-000019,"Critical Error Log 19",false,"0",,,,,,,"19th most recent critical error",,,,false,,"SWR",,false,
SWR-000020,"Critical Error Log 20",false,"0",,,,,,,"20th most recent critical error",,,,false,,"SWR",,false,
SSTR-000001,"Critical Error Log String 01",false,,,,50,,,,"most recent critical error message",,,,false,,"SSTR",,false,
SSTR-000002,"Critical Error Log String 02",false,,,,50,,,,"2nd most recent critical error message",,,,false,,"SSTR",,false,
SSTR-000003,"Critical Error Log String 03",false,,,,50,,,,"3rd most recent critical error message",,,,false,,"SSTR",,false,
SSTR-000004,"Critical Error Log String 04",false,,,,50,,,,"4th most recent critical error message",,,,false,,"SSTR",,false,
SSTR-000005,"Critical Error Log String 05",false,,,,50,,,,"5th most recent critical error message",,,,false,,"SSTR",,false,
SSTR-000006,"Critical Error Log String 06",false,,,,50,,,,"6th most recent critical error message",,,,false,,"SSTR",,false,
SSTR-000007,"Critical Error Log String 07",false,,,,50,,,,"7th most recent critical error message",,,,false,,"SSTR",,false,
SSTR-000008,"Critical Error Log String 08",false,,,,50,,,,"8th most recent critical error message",,,,false,,"SSTR",,false,
SSTR-000009,"Critical Error Log String 09",false,,,,50,,,,"9th most recent critical error message",,,,false,,"SSTR",,false,
SSTR-000010,"Critical Error Log String 10",false,,,,50,,,,"10th most recent critical error message",,,,false,,"SSTR",,false,
SSTR-000011,"Critical Error Log String 11",false,,,,50,,,,"11th most recent critical error message",,,,false,,"SSTR",,false,
SSTR-000012,"Critical Error Log String 12",false,,,,50,,,,"12th most recent critical error message",,,,false,,"SSTR",,false,
SSTR-000013,"Critical Error Log String 13",false,,,,50,,,,"13th most recent critical error message",,,,false,,"SSTR",,false,
SSTR-000014,"Critical Error Log String 14",false,,,,50,,,,"14th most recent critical error message",,,,false,,"SSTR",,false,
SSTR-000015,"Critical Error Log String 15",false,,,,50,,,,"15th most recent critical error message",,,,false,,"SSTR",,false,
SSTR-000016,"Critical Error Log String 16",false,,,,50,,,,"16th most recent critical error message",,,,false,,"SSTR",,false,
SSTR-000017,"Critical Error Log String 17",false,,,,50,,,,"17th most recent critical error message",,,,false,,"SSTR",,false,
SSTR-000018,"Critical Error Log String 18",false,,,,50,,,,"18th most recent critical error message",,,,false,,"SSTR",,false,
SSTR-000019,"Critical Error Log String 19",false,,,,50,,,,"19th most recent critical error message",,,,false,,"SSTR",,false,
SSTR-000020,"Critical Error Log String 20",false,,,,50,,,,"20th most recent critical error message",,,,false,,"SSTR",,false,
SWR-001510,"Current Critical Error",false,"0",,,,,,,"current critical error number",,,,false,,"SWR",,false,
SWR-001516,"Current I/O Config Error Base",false,"0",,,,,,,"I/O base in which ""I/O Configuration Error"" occurred",,,,false,,"SWR",,false,
SWR-001515,"Current I/O Config Error Group",false,"0",,,,,,,"I/O group in which ""I/O Configuration Error"" occurred",,,,false,,"SWR",,false,
SWR-001517,"Current I/O Config Error Slot",false,"0",,,,,,,"I/O slot in which ""I/O Configuration Error"" occurred",,,,false,,"SWR",,false,
SWR-001511,"Current Non-critical Error",false,"0",,,,,,,"current noncritical error number",,,,false,,"SWR",,false,
DI-0.1.6.16,"DI-0.1.6.16",false,"False",,,,,,,,false,false,"False",false,"DI-0.1.6.16","DI",,false,
DO-0.1.3.10,"DO-0.1.3.10",false,"False",,,,,,,,false,false,"False",false,"DO-0.1.3.10","DO",,false,
DO-0.1.3.11,"DO-0.1.3.11",false,"False",,,,,,,,false,false,"False",false,"DO-0.1.3.11","DO",,false,
DO-0.1.3.12,"DO-0.1.3.12",false,"False",,,,,,,,false,false,"False",false,"DO-0.1.3.12","DO",,false,
DO-0.1.3.13,"DO-0.1.3.13",false,"False",,,,,,,,true,false,"False",false,"DO-0.1.3.13","DO",,false,
DO-0.1.3.14,"DO-0.1.3.14",false,"False",,,,,,,,true,false,"False",false,"DO-0.1.3.14","DO",,false,
DO-0.1.3.7,"DO-0.1.3.7",false,"False",,,,,,,,false,false,"False",false,"DO-0.1.3.7","DO",,false,
DO-0.1.3.8,"DO-0.1.3.8",false,"False",,,,,,,,false,false,"False",false,"DO-0.1.3.8","DO",,false,
DO-0.1.3.9,"DO-0.1.3.9",false,"False",,,,,,,,false,false,"False",false,"DO-0.1.3.9","DO",,false,
DO-0.1.4.10,"DO-0.1.4.10",false,"False",,,,,,,,false,false,"False",false,"DO-0.1.4.10","DO",,false,
DO-0.1.4.11,"DO-0.1.4.11",false,"False",,,,,,,,false,false,"False",false,"DO-0.1.4.11","DO",,false,
DO-0.1.4.12,"DO-0.1.4.12",false,"False",,,,,,,,false,false,"False",false,"DO-0.1.4.12","DO",,false,
DO-0.1.4.13,"DO-0.1.4.13",false,"False",,,,,,,,false,false,"False",false,"DO-0.1.4.13","DO",,false,
DO-0.1.4.14,"DO-0.1.4.14",false,"False",,,,,,,,false,false,"False",false,"DO-0.1.4.14","DO",,false,
DO-0.1.4.15,"DO-0.1.4.15",false,"False",,,,,,,,false,false,"False",false,"DO-0.1.4.15","DO",,false,
DO-0.1.4.3,"DO-0.1.4.3",false,"False",,,,,,,,false,false,"False",false,"DO-0.1.4.3","DO",,false,
DO-0.1.4.4,"DO-0.1.4.4",false,"False",,,,,,,,false,false,"False",false,"DO-0.1.4.4","DO",,false,
DO-0.1.4.5,"DO-0.1.4.5",false,"False",,,,,,,,false,false,"False",false,"DO-0.1.4.5","DO",,false,
DO-0.1.4.6,"DO-0.1.4.6",false,"False",,,,,,,,false,false,"False",false,"DO-0.1.4.6","DO",,false,
DO-0.1.4.7,"DO-0.1.4.7",false,"False",,,,,,,,false,false,"False",false,"DO-0.1.4.7","DO",,false,
DO-0.1.4.8,"DO-0.1.4.8",false,"False",,,,,,,,false,false,"False",false,"DO-0.1.4.8","DO",,false,
DO-0.1.4.9,"DO-0.1.4.9",false,"False",,,,,,,,false,false,"False",false,"DO-0.1.4.9","DO",,false,
DO-0.1.9.10,"DO-0.1.9.10",false,"False",,,,,,,,false,false,"False",false,"DO-0.1.9.10","DO",,false,
DO-0.1.9.11,"DO-0.1.9.11",false,"False",,,,,,,,false,false,"False",false,"DO-0.1.9.11","DO",,false,
DO-0.1.9.12,"DO-0.1.9.12",false,"False",,,,,,,,false,false,"False",false,"DO-0.1.9.12","DO",,false,
DO-0.1.9.13,"DO-0.1.9.13",false,"False",,,,,,,,false,false,"False",false,"DO-0.1.9.13","DO",,false,
DO-0.1.9.14,"DO-0.1.9.14",false,"False",,,,,,,,false,false,"False",false,"DO-0.1.9.14","DO",,false,
DO-0.1.9.15,"DO-0.1.9.15",false,"False",,,,,,,,false,false,"False",false,"DO-0.1.9.15","DO",,false,
DO-0.1.9.16,"DO-0.1.9.16",false,"False",,,,,,,,false,false,"False",false,"DO-0.1.9.16","DO",,false,
DO-0.1.9.9,"DO-0.1.9.9",false,"False",,,,,,,,false,false,"False",false,"DO-0.1.9.9","DO",,false,
F32-000048,"DPT001_ACC1-PSI",false,"0.0",,,,,,,,false,false,"0.0",false,,"F32",,false,
F32-000049,"DPT001_ACC1-barg",false,"0.0",,,,,,,,false,false,"0.0",false,,"F32",,false,
AIS32-0.1.8.12,"DPT001_ACC1-int32",false,"0",,,,,,,,false,false,"0",false,"AIS32-0.1.8.12","AIS32",,false,
F32-000050,"DPT002_ACC2-PSI",false,"0.0",,,,,,,,false,false,"0.0",false,,"F32",,false,
F32-000052,"DPT002_ACC2-barg",false,"0.0",,,,,,,,false,false,"0.0",false,,"F32",,false,
AIS32-0.1.8.13,"DPT002_ACC2-int32",false,"0",,,,,,,,false,false,"0",false,"AIS32-0.1.8.13","AIS32",,false,
F32-000051,"DPT003_Heater-PSI",false,"0.0",,,,,,,,false,false,"0.0",false,,"F32",,false,
F32-000053,"DPT003_Heater-barg",false,"0.0",,,,,,,,false,false,"0.0",false,,"F32",,false,
AIS32-0.1.8.14,"DPT003_Heater-int32",false,"0",,,,,,,,false,false,"0",false,"AIS32-0.1.8.14","AIS32",,false,
SWR-001526,"Ethernet Speed [External]",false,"0",,,,,,,"""Ethernet"" port speed (Ethernet 10 or 100)",,,,false,,"SWR",,false,
SWR-001527,"Ethernet Speed [Internal]",false,"0",,,,,,,"""Remote I/O"" port speed (Ethernet 10 or 100)",,,,false,,"SWR",,false,
SBR-001004,"Every Other Scan Bit",false,"False",,,,,,,"toggles at the start of each scan",,,,false,,"SBR",,false,
C-000058,"ExpBypass-Active",false,"False",,,,,,,,false,false,"False",false,,"C",,false,
C-000085,"ExpBypass-Call",false,"False",,,,,,,,false,false,"False",false,,"C",,false,
S32-000037,"ExpBypass-Loop Time",false,"0",,,,,,,,false,false,"0",false,,"S32",,false,
C-000054,"ExpBypass-Loop Timer Complete",false,"False",,,,,,,,false,false,"False",false,,"C",,false,
S32-000038,"ExpBypass-Loop Tuned Delay csec",false,"0",,,,,,,,false,false,"0",false,,"S32",,false,
F32-000004,"ExpBypass-Target DEADZONE barg",false,"0.0",,,,,,,,false,false,"0.0",false,,"F32",,false,
AR1F32-000001,"ExpBypass-Target DeadBands barg()",FALSE,,,,,,2,,,,,,false,,"AR1F32",,
AR1F32-000001(1),"ExpBypass-Target DeadBands barg(1)",FALSE,"0.0",,,,,2,,,,,,false,,"AR1F32",,false
AR1F32-000001(2),"ExpBypass-Target DeadBands barg(2)",FALSE,"0.0",,,,,,,,,,,false,,"AR1F32",,false
F32-000003,"ExpBypass-Target Pressure barg",false,"0.0",,,,,,,,false,false,"0.0",false,,"F32",,false,
C-000041,"Expander-Out Temp > 45",false,"False",,,,,,,,false,false,"False",false,,"C",,false,
C-000042,"Expander-Out Temp > 45 2min",false,"False",,,,,,,,false,false,"False",false,,"C",,false,
S32-000021,"Expander-Out Temp > 45 Time",false,"0",,,,,,,,false,false,"0",false,,"S32",,false,
SWR-001509,"Firmware Version",false,"0",,,,,,,"CPU Firmware Version Number in Hex (ex: 0x0102 is version 01.02 or 1.2)",,,,false,,"SWR",,false,
SSTR-000104,"Firmware Version[CPU]",false,,,,50,,,,"CPU firmware version viewed as 001.000.009.023",,,,false,,"SSTR",,false,
SWR-001528,"Firmware Version[major]",false,"0",,,,,,,"CPU firmware Major version number in hex. (ex:  0x0100 =  major version 1.0)",,,,false,,"SWR",,false,
SWR-001529,"Firmware Version[minor]",false,"0",,,,,,,"CPU firmware Minor version number in hex. (ex: 0x0917 = minor version 9.23)",,,,false,,"SWR",,false,
SBR-001003,"First Scan Bit",false,"False",,,,,,,"On during first scan in Run or Debug mode",,,,false,,"SBR",,false,
SWR-001530,"First Scan Interval [x100=usec]",false,"0",,,,,,,"Holds the value of the First Scan time",,,,false,,"SWR",,false,
SBR-001007,"Forces Enabled",false,"False",,,,,,,"On if any forces are enabled",,,,false,,"SBR",,false,
DO-0.1.4.1,"HEATEC_FALL",false,"False",,,,,,,,false,false,"False",false,"DO-0.1.4.1","DO",,false,
DI-0.1.6.15,"Heatec ALM1",false,"False",,,,,,,,false,false,"False",false,"DI-0.1.6.15","DI",,false,
DI-0.1.6.12,"Heatec ESD1",false,"False",,,,,,,,false,false,"False",false,"DI-0.1.6.12","DI",,false,
DI-0.1.6.14,"Heatec HET1",false,"False",,,,,,,,false,false,"False",false,"DI-0.1.6.14","DI",,false,
DI-0.1.6.13,"Heatec SCRA1",false,"False",,,,,,,,false,false,"False",false,"DI-0.1.6.13","DI",,false,
DO-0.1.4.2,"Heatec_Call_for_Heat",false,"False",,,,,,,,false,false,"False",false,"DO-0.1.4.2","DO",,false,
DI-0.1.5.6,"Heatec_HE1",false,"False",,,,,,,,false,false,"False",false,"DI-0.1.5.6","DI",,false,
DO-0.1.3.15,"Heatec_RESD",false,"False",,,,,,,,false,false,"False",false,"DO-0.1.3.15","DO",,false,
C-000057,"Heater-Active",false,"False",,,,,,,,false,false,"False",false,,"C",,false,
F32-000055,"Heater-SETPOINT",false,"0.0",,,,,,,,false,false,"0.0",false,,"F32",,false,
AR1F32-000003,"Heater-ShutdownSetpoint()",FALSE,,,,,,3,,,,,,false,,"AR1F32",,
AR1F32-000003(1),"Heater-ShutdownSetpoint(1)",FALSE,"0.0",,,,,3,,,,,,false,,"AR1F32",,false
AR1F32-000003(2),"Heater-ShutdownSetpoint(2)",FALSE,"0.0",,,,,,,,,,,false,,"AR1F32",,false
AR1F32-000003(3),"Heater-ShutdownSetpoint(3)",FALSE,"0.0",,,,,,,,,,,false,,"AR1F32",,false
AR1C-000001,"Heater-ShutdownStepComplete()",FALSE,,,,,,4,,,,,,false,,"AR1C",,
AR1C-000001(1),"Heater-ShutdownStepComplete(1)",FALSE,"False",,,,,4,,,,,,false,,"AR1C",,false
AR1C-000001(2),"Heater-ShutdownStepComplete(2)",FALSE,"False",,,,,,,,,,,false,,"AR1C",,false
AR1C-000001(3),"Heater-ShutdownStepComplete(3)",FALSE,"False",,,,,,,,,,,false,,"AR1C",,false
AR1C-000001(4),"Heater-ShutdownStepComplete(4)",FALSE,"False",,,,,,,,,,,false,,"AR1C",,false
AR1S32-000001,"Heater-ShutdownTimer()",FALSE,,,,,,3,,,,,,false,,"AR1S32",,
AR1S32-000001(1),"Heater-ShutdownTimer(1)",FALSE,"0",,,,,3,,,,,,false,,"AR1S32",,false
AR1S32-000001(2),"Heater-ShutdownTimer(2)",FALSE,"0",,,,,,,,,,,false,,"AR1S32",,false
AR1S32-000001(3),"Heater-ShutdownTimer(3)",FALSE,"0",,,,,,,,,,,false,,"AR1S32",,false
C-000060,"Heater-ShuttingDown",false,"False",,,,,,,,false,false,"False",false,,"C",,false,
C-000071,"Heater-isStable",false,"False",,,,,,,,false,false,"False",false,,"C",,false,
SBR-001015,"I/O Configuration Error",false,"False",,,,,,,"On if actual I/O configuration and project I/O configuration do not match",,,,false,,"SBR",,false,
SBR-001014,"I/O Error",false,"False",,,,,,,"On for any module error (such as a blown fuse)",,,,false,,"SBR",,false,
SWRW-001758,"Identify Module Base Number",false,"0",,,,,,,"base number of module to be identified (See ""Requested Module Name"" tag)",,,,false,,"SWRW",,false,
SWRW-001757,"Identify Module Group Number",false,"0",,,,,,,"group number of module to be identified (See ""Requested Module Name"" tag)",,,,false,,"SWRW",,false,
SBRW-001005,"Identify Module Request bit",false,"False",,,,,,,"set On to refresh ""Requested Module Name"" tag per the 3 ""Identify"" GBS tags",,,,false,,"SBRW",,false,
SWRW-001759,"Identify Module Slot Number",false,"0",,,,,,,"slot number of module to be identified (See ""Requested Module Name"" tag)",,,,false,,"SWRW",,false,
SBRW-001002,"Initiate_New_Date",false,"False",,,,,,,"set On to change clock date (see ""Clock Year Set"" tag)",,,,false,,"SBRW",,false,
SBRW-001001,"Initiate_New_Time",false,"False",,,,,,,"set On to change clock time (see ""Clock Hours Set"" tag)",,,,false,,"SBRW",,false,
DO-0.1.3.6,"LED1_System",false,"False",,,,,,,,false,false,"False",false,"DO-0.1.3.6","DO",,false,
DO-0.1.3.1,"LED2_ACC Status",false,"False",,,,,,,,false,false,"False",false,"DO-0.1.3.1","DO",,false,
DO-0.1.3.2,"LED3_Comp Status",false,"False",,,,,,,,false,false,"False",false,"DO-0.1.3.2","DO",,false,
DO-0.1.3.3,"LED4_Heater Status",false,"False",,,,,,,,false,false,"False",false,"DO-0.1.3.3","DO",,false,
DO-0.1.3.4,"LED5_EXP Status",false,"False",,,,,,,,false,false,"False",false,"DO-0.1.3.4","DO",,false,
DO-0.1.3.5,"LED6_Error",false,"False",,,,,,,,false,false,"False",false,"DO-0.1.3.5","DO",,false,
SWR-001504,"Last Logic Scan Time [x100=usec]",false,"0",,,,,,,"most recent logic scan time",,,,false,,"SWR",,false,
SWR-001501,"Last Scan Interval [x100=usec]",false,"0",,,,,,,"most recent overall scan time",,,,false,,"SWR",,false,
DO-0.1.9.2,"MOV001_HPAccuIn-Close",false,"False",,,,,,,,false,false,"False",false,"DO-0.1.9.2","DO",,false,
DI-0.1.5.7,"MOV001_HPAccuIn-In Remote",false,"False",,,,,,,,false,false,"False",false,"DI-0.1.5.7","DI",,false,
DO-0.1.9.1,"MOV001_HPAccuIn-Open",false,"False",,,,,,,,false,false,"False",false,"DO-0.1.9.1","DO",,false,
DI-0.1.5.5,"MOV001_HPAccuIn-isClosed",false,"False",,,,,,,,false,false,"False",false,"DI-0.1.5.5","DI",,false,
DI-0.1.5.4,"MOV001_HPAccuIn-isOpen",false,"False",,,,,,,,false,false,"False",false,"DI-0.1.5.4","DI",,false,
AIS32-0.1.8.16,"MOV002_HPAccuO-Ctrl Vlv Pos Fdbk",false,"0",,,,,,,,false,false,"0",false,"AIS32-0.1.8.16","AIS32",,false,
AOS32-0.1.7.1,"MOV002_HPAccuO-Ctrl Vlv Pos-er",false,"0",,,,,,,,false,false,"0",false,"AOS32-0.1.7.1","AOS32",,false,
S32-000032,"MOV002_HPAccuO-Percentage Open",false,"0",,,,,,,,false,false,"0",false,,"S32",,false,
S32-000017,"MOV002_HPAccuO-SAFE OPEN %",false,"0",,,,,,,,false,false,"0",false,,"S32",,false,
DI-0.1.5.9,"MOV002_HPAccuO-isClosed",false,"False",,,,,,,,false,false,"False",false,"DI-0.1.5.9","DI",,false,
DI-0.1.5.8,"MOV002_HPAccuO-isOpen",false,"False",,,,,,,,false,false,"False",false,"DI-0.1.5.8","DI",,false,
DO-0.1.9.4,"MOV003_CompOut-Close",false,"False",,,,,,,,false,false,"False",false,"DO-0.1.9.4","DO",,false,
DI-0.1.5.12,"MOV003_CompOut-Fault",false,"False",,,,,,,,false,false,"False",false,"DI-0.1.5.12","DI",,false,
DI-0.1.5.13,"MOV003_CompOut-In Remote",false,"False",,,,,,,,false,false,"False",false,"DI-0.1.5.13","DI",,false,
DO-0.1.9.3,"MOV003_CompOut-Open",false,"False",,,,,,,,false,false,"False",false,"DO-0.1.9.3","DO",,false,
DI-0.1.5.11,"MOV003_CompOut-isClosed",false,"False",,,,,,,,false,false,"False",false,"DI-0.1.5.11","DI",,false,
DI-0.1.5.10,"MOV003_CompOut-isOpen",false,"False",,,,,,,,false,false,"False",false,"DI-0.1.5.10","DI",,false,
AIS32-0.1.7.1,"MOV004_AccuIn-Ctrl Vlv Pos Fdbk",false,"0",,,,,,,,false,false,"0",false,"AIS32-0.1.7.1","AIS32",,false,
AOS32-0.1.7.2,"MOV004_AccuIn-Ctrl Vlv Pos-er",false,"0",,,,,,,,false,false,"0",false,"AOS32-0.1.7.2","AOS32",,false,
S32-000033,"MOV004_AccuIn-Percentage Open",false,"0",,,,,,,,false,false,"0",false,,"S32",,false,
S32-000018,"MOV004_AccuIn-SAFE OPEN %",false,"0",,,,,,,,false,false,"0",false,,"S32",,false,
DI-0.1.5.15,"MOV004_AccuIn-isClosed",false,"False",,,,,,,,false,false,"False",false,"DI-0.1.5.15","DI",,false,
DI-0.1.5.14,"MOV004_AccuIn-isOpen",false,"False",,,,,,,,false,false,"False",false,"DI-0.1.5.14","DI",,false,
AIS32-0.1.7.2,"MOV005_HeatBp-Ctrl Vlv Pos Fdbk",false,"0",,,,,,,,false,false,"0",false,"AIS32-0.1.7.2","AIS32",,false,
AOS32-0.1.7.3,"MOV005_HeatBp-CtrlVlv Positioner",false,"0",,,,,,,,false,false,"0",false,"AOS32-0.1.7.3","AOS32",,false,
S32-000036,"MOV005_HeatBp-Percentage Open",false,"0",,,,,,,,false,false,"0",false,,"S32",,false,
DI-0.1.6.1,"MOV005_HeatBp-isClosed",false,"False",,,,,,,,false,false,"False",false,"DI-0.1.6.1","DI",,false,
DI-0.1.5.16,"MOV005_HeatBp-isOpen",false,"False",,,,,,,,false,false,"False",false,"DI-0.1.5.16","DI",,false,
DO-0.1.9.6,"MOV006_ExpIn-Close",false,"False",,,,,,,,false,false,"False",false,"DO-0.1.9.6","DO",,false,
DI-0.1.6.4,"MOV006_ExpIn-Fault",false,"False",,,,,,,,false,false,"False",false,"DI-0.1.6.4","DI",,false,
DI-0.1.6.5,"MOV006_ExpIn-In Remote",false,"False",,,,,,,,false,false,"False",false,"DI-0.1.6.5","DI",,false,
DO-0.1.9.5,"MOV006_ExpIn-Open",false,"False",,,,,,,,false,false,"False",false,"DO-0.1.9.5","DO",,false,
DI-0.1.6.3,"MOV006_ExpIn-isClosed",false,"False",,,,,,,,false,false,"False",false,"DI-0.1.6.3","DI",,false,
DI-0.1.6.2,"MOV006_ExpIn-isOpen",false,"False",,,,,,,,false,false,"False",false,"DI-0.1.6.2","DI",,false,
AIS32-0.1.7.3,"MOV007_ExpBp-Ctrl Vlv Pos Fdbk",false,"0",,,,,,,,false,false,"0",false,"AIS32-0.1.7.3","AIS32",,false,
AOS32-0.1.7.4,"MOV007_ExpBp-Ctrl Vlv Positioner",false,"0",,,,,,,,false,false,"0",false,"AOS32-0.1.7.4","AOS32",,false,
S32-000008,"MOV007_ExpBp-New Position %",false,"0",,,,,,,,false,false,"0",false,,"S32",,false,
S32-000007,"MOV007_ExpBp-Percentage Open",false,"0",,,,,,,,false,false,"0",false,,"S32",,false,
S32-000039,"MOV007_ExpBp-SAFE OPEN %",false,"0",,,,,,,,false,false,"0",false,,"S32",,false,
DI-0.1.6.7,"MOV007_ExpBp-isClosed",false,"False",,,,,,,,false,false,"False",false,"DI-0.1.6.7","DI",,false,
DI-0.1.6.6,"MOV007_ExpBp-isOpen",false,"False",,,,,,,,false,false,"False",false,"DI-0.1.6.6","DI",,false,
DO-0.1.9.8,"MOV008_HeatIn-Close",false,"False",,,,,,,,false,false,"False",false,"DO-0.1.9.8","DO",,false,
DI-0.1.6.10,"MOV008_HeatIn-Fault",false,"False",,,,,,,,false,false,"False",false,"DI-0.1.6.10","DI",,false,
DI-0.1.6.11,"MOV008_HeatIn-In Remote",false,"False",,,,,,,,false,false,"False",false,"DI-0.1.6.11","DI",,false,
DO-0.1.9.7,"MOV008_HeatIn-Open",false,"False",,,,,,,,false,false,"False",false,"DO-0.1.9.7","DO",,false,
DI-0.1.6.9,"MOV008_HeatIn-isClosed",false,"False",,,,,,,,false,false,"False",false,"DI-0.1.6.9","DI",,false,
DI-0.1.6.8,"MOV008_HeatIn-isOpen",false,"False",,,,,,,,false,false,"False",false,"DI-0.1.6.8","DI",,false,
C-000053,"MOVs-Initialized",false,"False",,,,,,,,false,false,"False",false,,"C",,false,
C-000052,"MOVs-Initializing",false,"False",,,,,,,,false,false,"False",false,,"C",,false,
MST-0.0.0.1,"MST-0.0.0.1",false,"False",,,,,,,"RS232 Heartbeat Timeout Bit",false,false,"False",false,"MST-0.0.0.1","MST",,false,
MST-0.0.0.2,"MST-0.0.0.2",false,"False",,,,,,,"RS232 Port Buffer Full Bit (95% Full)",false,false,"False",false,"MST-0.0.0.2","MST",,false,
MST-0.0.0.3,"MST-0.0.0.3",false,"False",,,,,,,"RS232 Port Ready Bit",false,false,"False",false,"MST-0.0.0.3","MST",,false,
MST-0.0.0.33,"MST-0.0.0.33",false,"False",,,,,,,"RS485 Heartbeat Timeout Bit",false,false,"False",false,"MST-0.0.0.33","MST",,false,
MST-0.0.0.34,"MST-0.0.0.34",false,"False",,,,,,,"RS485 Port Buffer Full Bit (95% Full)",false,false,"False",false,"MST-0.0.0.34","MST",,false,
MST-0.0.0.35,"MST-0.0.0.35",false,"False",,,,,,,"RS485 Port Ready Bit",false,false,"False",false,"MST-0.0.0.35","MST",,false,
MST-0.0.0.65,"MST-0.0.0.65",false,"False",,,,,,,"Ethernet Heartbeat Timeout Bit",false,false,"False",false,"MST-0.0.0.65","MST",,false,
MST-0.0.0.66,"MST-0.0.0.66",false,"False",,,,,,,"Ethernet Port Buffer Full Bit (95% Full)",false,false,"False",false,"MST-0.0.0.66","MST",,false,
MST-0.0.0.67,"MST-0.0.0.67",false,"False",,,,,,,"Ethernet Port Ready Bit",false,false,"False",false,"MST-0.0.0.67","MST",,false,
MST-0.1.1.25,"MST-0.1.1.25",false,"False",,,,,,,"Module Failed",false,false,"False",false,"MST-0.1.1.25","MST",,false,
MST-0.1.1.27,"MST-0.1.1.27",false,"False",,,,,,,"Module Not Ready",false,false,"False",false,"MST-0.1.1.27","MST",,false,
MST-0.1.1.41,"MST-0.1.1.41",false,"False",,,,,,,"Burnout Error (1)",false,false,"False",false,"MST-0.1.1.41","MST",,false,
MST-0.1.1.42,"MST-0.1.1.42",false,"False",,,,,,,"Burnout Error (2)",false,false,"False",false,"MST-0.1.1.42","MST",,false,
MST-0.1.1.43,"MST-0.1.1.43",false,"False",,,,,,,"Burnout Error (3)",false,false,"False",false,"MST-0.1.1.43","MST",,false,
MST-0.1.1.44,"MST-0.1.1.44",false,"False",,,,,,,"Burnout Error (4)",false,false,"False",false,"MST-0.1.1.44","MST",,false,
MST-0.1.1.45,"MST-0.1.1.45",false,"False",,,,,,,"Burnout Error (5)",false,false,"False",false,"MST-0.1.1.45","MST",,false,
MST-0.1.1.46,"MST-0.1.1.46",false,"False",,,,,,,"Burnout Error (6)",false,false,"False",false,"MST-0.1.1.46","MST",,false,
MST-0.1.1.47,"MST-0.1.1.47",false,"False",,,,,,,"Burnout Error (7)",false,false,"False",false,"MST-0.1.1.47","MST",,false,
MST-0.1.1.48,"MST-0.1.1.48",false,"False",,,,,,,"Burnout Error (8)",false,false,"False",false,"MST-0.1.1.48","MST",,false,
MST-0.1.1.57,"MST-0.1.1.57",false,"False",,,,,,,"Under Range Error (1)",false,false,"False",false,"MST-0.1.1.57","MST",,false,
MST-0.1.1.58,"MST-0.1.1.58",false,"False",,,,,,,"Under Range Error (2)",false,false,"False",false,"MST-0.1.1.58","MST",,false,
MST-0.1.1.59,"MST-0.1.1.59",false,"False",,,,,,,"Under Range Error (3)",false,false,"False",false,"MST-0.1.1.59","MST",,false,
MST-0.1.1.60,"MST-0.1.1.60",false,"False",,,,,,,"Under Range Error (4)",false,false,"False",false,"MST-0.1.1.60","MST",,false,
MST-0.1.1.61,"MST-0.1.1.61",false,"False",,,,,,,"Under Range Error (5)",false,false,"False",false,"MST-0.1.1.61","MST",,false,
MST-0.1.1.62,"MST-0.1.1.62",false,"False",,,,,,,"Under Range Error (6)",false,false,"False",false,"MST-0.1.1.62","MST",,false,
MST-0.1.1.63,"MST-0.1.1.63",false,"False",,,,,,,"Under Range Error (7)",false,false,"False",false,"MST-0.1.1.63","MST",,false,
MST-0.1.1.64,"MST-0.1.1.64",false,"False",,,,,,,"Under Range Error (8)",false,false,"False",false,"MST-0.1.1.64","MST",,false,
MST-0.1.1.89,"MST-0.1.1.89",false,"False",,,,,,,"Over Range Error (1)",false,false,"False",false,"MST-0.1.1.89","MST",,false,
MST-0.1.1.90,"MST-0.1.1.90",false,"False",,,,,,,"Over Range Error (2)",false,false,"False",false,"MST-0.1.1.90","MST",,false,
MST-0.1.1.91,"MST-0.1.1.91",false,"False",,,,,,,"Over Range Error (3)",false,false,"False",false,"MST-0.1.1.91","MST",,false,
MST-0.1.1.92,"MST-0.1.1.92",false,"False",,,,,,,"Over Range Error (4)",false,false,"False",false,"MST-0.1.1.92","MST",,false,
MST-0.1.1.93,"MST-0.1.1.93",false,"False",,,,,,,"Over Range Error (5)",false,false,"False",false,"MST-0.1.1.93","MST",,false,
MST-0.1.1.94,"MST-0.1.1.94",false,"False",,,,,,,"Over Range Error (6)",false,false,"False",false,"MST-0.1.1.94","MST",,false,
MST-0.1.1.95,"MST-0.1.1.95",false,"False",,,,,,,"Over Range Error (7)",false,false,"False",false,"MST-0.1.1.95","MST",,false,
MST-0.1.1.96,"MST-0.1.1.96",false,"False",,,,,,,"Over Range Error (8)",false,false,"False",false,"MST-0.1.1.96","MST",,false,
MST-0.1.2.25,"MST-0.1.2.25",false,"False",,,,,,,"Module Failed",false,false,"False",false,"MST-0.1.2.25","MST",,false,
MST-0.1.2.26,"MST-0.1.2.26",false,"False",,,,,,,"Missing 24V",false,false,"False",false,"MST-0.1.2.26","MST",,false,
MST-0.1.5.17,"MST-0.1.5.17",false,"False",,,,,,,"Missing 24V",false,false,"False",false,"MST-0.1.5.17","MST",,false,
MST-0.1.6.17,"MST-0.1.6.17",false,"False",,,,,,,"Missing 24V",false,false,"False",false,"MST-0.1.6.17","MST",,false,
MST-0.1.7.25,"MST-0.1.7.25",false,"False",,,,,,,"Module Failed",false,false,"False",false,"MST-0.1.7.25","MST",,false,
MST-0.1.7.26,"MST-0.1.7.26",false,"False",,,,,,,"Missing 24V",false,false,"False",false,"MST-0.1.7.26","MST",,false,
MST-0.1.7.57,"MST-0.1.7.57",false,"False",,,,,,,"Under Range Error (1)",false,false,"False",false,"MST-0.1.7.57","MST",,false,
MST-0.1.7.58,"MST-0.1.7.58",false,"False",,,,,,,"Under Range Error (2)",false,false,"False",false,"MST-0.1.7.58","MST",,false,
MST-0.1.7.59,"MST-0.1.7.59",false,"False",,,,,,,"Under Range Error (3)",false,false,"False",false,"MST-0.1.7.59","MST",,false,
MST-0.1.7.60,"MST-0.1.7.60",false,"False",,,,,,,"Under Range Error (4)",false,false,"False",false,"MST-0.1.7.60","MST",,false,
MST-0.1.7.61,"MST-0.1.7.61",false,"False",,,,,,,"Under Range Error (5)",false,false,"False",false,"MST-0.1.7.61","MST",,false,
MST-0.1.7.62,"MST-0.1.7.62",false,"False",,,,,,,"Under Range Error (6)",false,false,"False",false,"MST-0.1.7.62","MST",,false,
MST-0.1.7.63,"MST-0.1.7.63",false,"False",,,,,,,"Under Range Error (7)",false,false,"False",false,"MST-0.1.7.63","MST",,false,
MST-0.1.7.64,"MST-0.1.7.64",false,"False",,,,,,,"Under Range Error (8)",false,false,"False",false,"MST-0.1.7.64","MST",,false,
MST-0.1.7.89,"MST-0.1.7.89",false,"False",,,,,,,"Over Range Error (1)",false,false,"False",false,"MST-0.1.7.89","MST",,false,
MST-0.1.7.90,"MST-0.1.7.90",false,"False",,,,,,,"Over Range Error (2)",false,false,"False",false,"MST-0.1.7.90","MST",,false,
MST-0.1.7.91,"MST-0.1.7.91",false,"False",,,,,,,"Over Range Error (3)",false,false,"False",false,"MST-0.1.7.91","MST",,false,
MST-0.1.7.92,"MST-0.1.7.92",false,"False",,,,,,,"Over Range Error (4)",false,false,"False",false,"MST-0.1.7.92","MST",,false,
MST-0.1.7.93,"MST-0.1.7.93",false,"False",,,,,,,"Over Range Error (5)",false,false,"False",false,"MST-0.1.7.93","MST",,false,
MST-0.1.7.94,"MST-0.1.7.94",false,"False",,,,,,,"Over Range Error (6)",false,false,"False",false,"MST-0.1.7.94","MST",,false,
MST-0.1.7.95,"MST-0.1.7.95",false,"False",,,,,,,"Over Range Error (7)",false,false,"False",false,"MST-0.1.7.95","MST",,false,
MST-0.1.7.96,"MST-0.1.7.96",false,"False",,,,,,,"Over Range Error (8)",false,false,"False",false,"MST-0.1.7.96","MST",,false,
MST-0.1.8.25,"MST-0.1.8.25",false,"False",,,,,,,"Module Failed",false,false,"False",false,"MST-0.1.8.25","MST",,false,
MST-0.1.8.26,"MST-0.1.8.26",false,"False",,,,,,,"Missing 24V",false,false,"False",false,"MST-0.1.8.26","MST",,false,
MST-0.1.8.49,"MST-0.1.8.49",false,"False",,,,,,,"Under Range Error (9)",false,false,"False",false,"MST-0.1.8.49","MST",,false,
MST-0.1.8.50,"MST-0.1.8.50",false,"False",,,,,,,"Under Range Error (10)",false,false,"False",false,"MST-0.1.8.50","MST",,false,
MST-0.1.8.51,"MST-0.1.8.51",false,"False",,,,,,,"Under Range Error (11)",false,false,"False",false,"MST-0.1.8.51","MST",,false,
MST-0.1.8.52,"MST-0.1.8.52",false,"False",,,,,,,"Under Range Error (12)",false,false,"False",false,"MST-0.1.8.52","MST",,false,
MST-0.1.8.53,"MST-0.1.8.53",false,"False",,,,,,,"Under Range Error (13)",false,false,"False",false,"MST-0.1.8.53","MST",,false,
MST-0.1.8.54,"MST-0.1.8.54",false,"False",,,,,,,"Under Range Error (14)",false,false,"False",false,"MST-0.1.8.54","MST",,false,
MST-0.1.8.55,"MST-0.1.8.55",false,"False",,,,,,,"Under Range Error (15)",false,false,"False",false,"MST-0.1.8.55","MST",,false,
MST-0.1.8.56,"MST-0.1.8.56",false,"False",,,,,,,"Under Range Error (16)",false,false,"False",false,"MST-0.1.8.56","MST",,false,
MST-0.1.8.57,"MST-0.1.8.57",false,"False",,,,,,,"Under Range Error (1)",false,false,"False",false,"MST-0.1.8.57","MST",,false,
MST-0.1.8.58,"MST-0.1.8.58",false,"False",,,,,,,"Under Range Error (2)",false,false,"False",false,"MST-0.1.8.58","MST",,false,
MST-0.1.8.59,"MST-0.1.8.59",false,"False",,,,,,,"Under Range Error (3)",false,false,"False",false,"MST-0.1.8.59","MST",,false,
MST-0.1.8.60,"MST-0.1.8.60",false,"False",,,,,,,"Under Range Error (4)",false,false,"False",false,"MST-0.1.8.60","MST",,false,
MST-0.1.8.61,"MST-0.1.8.61",false,"False",,,,,,,"Under Range Error (5)",false,false,"False",false,"MST-0.1.8.61","MST",,false,
MST-0.1.8.62,"MST-0.1.8.62",false,"False",,,,,,,"Under Range Error (6)",false,false,"False",false,"MST-0.1.8.62","MST",,false,
MST-0.1.8.63,"MST-0.1.8.63",false,"False",,,,,,,"Under Range Error (7)",false,false,"False",false,"MST-0.1.8.63","MST",,false,
MST-0.1.8.64,"MST-0.1.8.64",false,"False",,,,,,,"Under Range Error (8)",false,false,"False",false,"MST-0.1.8.64","MST",,false,
MST-0.1.8.81,"MST-0.1.8.81",false,"False",,,,,,,"Over Range Error (9)",false,false,"False",false,"MST-0.1.8.81","MST",,false,
MST-0.1.8.82,"MST-0.1.8.82",false,"False",,,,,,,"Over Range Error (10)",false,false,"False",false,"MST-0.1.8.82","MST",,false,
MST-0.1.8.83,"MST-0.1.8.83",false,"False",,,,,,,"Over Range Error (11)",false,false,"False",false,"MST-0.1.8.83","MST",,false,
MST-0.1.8.84,"MST-0.1.8.84",false,"False",,,,,,,"Over Range Error (12)",false,false,"False",false,"MST-0.1.8.84","MST",,false,
MST-0.1.8.85,"MST-0.1.8.85",false,"False",,,,,,,"Over Range Error (13)",false,false,"False",false,"MST-0.1.8.85","MST",,false,
MST-0.1.8.86,"MST-0.1.8.86",false,"False",,,,,,,"Over Range Error (14)",false,false,"False",false,"MST-0.1.8.86","MST",,false,
MST-0.1.8.87,"MST-0.1.8.87",false,"False",,,,,,,"Over Range Error (15)",false,false,"False",false,"MST-0.1.8.87","MST",,false,
MST-0.1.8.88,"MST-0.1.8.88",false,"False",,,,,,,"Over Range Error (16)",false,false,"False",false,"MST-0.1.8.88","MST",,false,
MST-0.1.8.89,"MST-0.1.8.89",false,"False",,,,,,,"Over Range Error (1)",false,false,"False",false,"MST-0.1.8.89","MST",,false,
MST-0.1.8.90,"MST-0.1.8.90",false,"False",,,,,,,"Over Range Error (2)",false,false,"False",false,"MST-0.1.8.90","MST",,false,
MST-0.1.8.91,"MST-0.1.8.91",false,"False",,,,,,,"Over Range Error (3)",false,false,"False",false,"MST-0.1.8.91","MST",,false,
MST-0.1.8.92,"MST-0.1.8.92",false,"False",,,,,,,"Over Range Error (4)",false,false,"False",false,"MST-0.1.8.92","MST",,false,
MST-0.1.8.93,"MST-0.1.8.93",false,"False",,,,,,,"Over Range Error (5)",false,false,"False",false,"MST-0.1.8.93","MST",,false,
MST-0.1.8.94,"MST-0.1.8.94",false,"False",,,,,,,"Over Range Error (6)",false,false,"False",false,"MST-0.1.8.94","MST",,false,
MST-0.1.8.95,"MST-0.1.8.95",false,"False",,,,,,,"Over Range Error (7)",false,false,"False",false,"MST-0.1.8.95","MST",,false,
MST-0.1.8.96,"MST-0.1.8.96",false,"False",,,,,,,"Over Range Error (8)",false,false,"False",false,"MST-0.1.8.96","MST",,false,
MST-0.1.9.1,"MST-0.1.9.1",false,"False",,,,,,,"Fault (1)",false,false,"False",false,"MST-0.1.9.1","MST",,false,
MST-0.1.9.10,"MST-0.1.9.10",false,"False",,,,,,,"Fault (10)",false,false,"False",false,"MST-0.1.9.10","MST",,false,
MST-0.1.9.11,"MST-0.1.9.11",false,"False",,,,,,,"Fault (11)",false,false,"False",false,"MST-0.1.9.11","MST",,false,
MST-0.1.9.12,"MST-0.1.9.12",false,"False",,,,,,,"Fault (12)",false,false,"False",false,"MST-0.1.9.12","MST",,false,
MST-0.1.9.13,"MST-0.1.9.13",false,"False",,,,,,,"Fault (13)",false,false,"False",false,"MST-0.1.9.13","MST",,false,
MST-0.1.9.14,"MST-0.1.9.14",false,"False",,,,,,,"Fault (14)",false,false,"False",false,"MST-0.1.9.14","MST",,false,
MST-0.1.9.15,"MST-0.1.9.15",false,"False",,,,,,,"Fault (15)",false,false,"False",false,"MST-0.1.9.15","MST",,false,
MST-0.1.9.16,"MST-0.1.9.16",false,"False",,,,,,,"Fault (16)",false,false,"False",false,"MST-0.1.9.16","MST",,false,
MST-0.1.9.17,"MST-0.1.9.17",false,"False",,,,,,,"Missing 24V",false,false,"False",false,"MST-0.1.9.17","MST",,false,
MST-0.1.9.2,"MST-0.1.9.2",false,"False",,,,,,,"Fault (2)",false,false,"False",false,"MST-0.1.9.2","MST",,false,
MST-0.1.9.3,"MST-0.1.9.3",false,"False",,,,,,,"Fault (3)",false,false,"False",false,"MST-0.1.9.3","MST",,false,
MST-0.1.9.4,"MST-0.1.9.4",false,"False",,,,,,,"Fault (4)",false,false,"False",false,"MST-0.1.9.4","MST",,false,
MST-0.1.9.5,"MST-0.1.9.5",false,"False",,,,,,,"Fault (5)",false,false,"False",false,"MST-0.1.9.5","MST",,false,
MST-0.1.9.6,"MST-0.1.9.6",false,"False",,,,,,,"Fault (6)",false,false,"False",false,"MST-0.1.9.6","MST",,false,
MST-0.1.9.7,"MST-0.1.9.7",false,"False",,,,,,,"Fault (7)",false,false,"False",false,"MST-0.1.9.7","MST",,false,
MST-0.1.9.8,"MST-0.1.9.8",false,"False",,,,,,,"Fault (8)",false,false,"False",false,"MST-0.1.9.8","MST",,false,
MST-0.1.9.9,"MST-0.1.9.9",false,"False",,,,,,,"Fault (9)",false,false,"False",false,"MST-0.1.9.9","MST",,false,
MST-1.0.0.1,"MST-1.0.0.1",false,"False",,,,,,,"Module Ready",false,false,"False",false,"MST-1.0.0.1","MST",,false,
MST-1.0.0.33,"MST-1.0.0.33",false,"False",,,,,,,"RS232 Heartbeat Timeout Bit",false,false,"False",false,"MST-1.0.0.33","MST",,false,
MST-1.0.0.34,"MST-1.0.0.34",false,"False",,,,,,,"RS232 Port Buffer Full Bit (95% Full)",false,false,"False",false,"MST-1.0.0.34","MST",,false,
MST-1.0.0.35,"MST-1.0.0.35",false,"False",,,,,,,"RS232 Port Ready Bit",false,false,"False",false,"MST-1.0.0.35","MST",,false,
MST-1.0.0.65,"MST-1.0.0.65",false,"False",,,,,,,"RS485 Heartbeat Timeout Bit",false,false,"False",false,"MST-1.0.0.65","MST",,false,
MST-1.0.0.66,"MST-1.0.0.66",false,"False",,,,,,,"RS485 Port Buffer Full Bit (95% Full)",false,false,"False",false,"MST-1.0.0.66","MST",,false,
MST-1.0.0.67,"MST-1.0.0.67",false,"False",,,,,,,"RS485 Port Ready Bit",false,false,"False",false,"MST-1.0.0.67","MST",,false,
MST-1.1.1.25,"MST-1.1.1.25",false,"False",,,,,,,"Module Failed",false,false,"False",false,"MST-1.1.1.25","MST",,false,
MST-1.1.1.27,"MST-1.1.1.27",false,"False",,,,,,,"Module Not Ready",false,false,"False",false,"MST-1.1.1.27","MST",,false,
MST-1.1.1.41,"MST-1.1.1.41",false,"False",,,,,,,"Burnout Error (1)",false,false,"False",false,"MST-1.1.1.41","MST",,false,
MST-1.1.1.42,"MST-1.1.1.42",false,"False",,,,,,,"Burnout Error (2)",false,false,"False",false,"MST-1.1.1.42","MST",,false,
MST-1.1.1.43,"MST-1.1.1.43",false,"False",,,,,,,"Burnout Error (3)",false,false,"False",false,"MST-1.1.1.43","MST",,false,
MST-1.1.1.44,"MST-1.1.1.44",false,"False",,,,,,,"Burnout Error (4)",false,false,"False",false,"MST-1.1.1.44","MST",,false,
MST-1.1.1.45,"MST-1.1.1.45",false,"False",,,,,,,"Burnout Error (5)",false,false,"False",false,"MST-1.1.1.45","MST",,false,
MST-1.1.1.46,"MST-1.1.1.46",false,"False",,,,,,,"Burnout Error (6)",false,false,"False",false,"MST-1.1.1.46","MST",,false,
MST-1.1.1.47,"MST-1.1.1.47",false,"False",,,,,,,"Burnout Error (7)",false,false,"False",false,"MST-1.1.1.47","MST",,false,
MST-1.1.1.48,"MST-1.1.1.48",false,"False",,,,,,,"Burnout Error (8)",false,false,"False",false,"MST-1.1.1.48","MST",,false,
MST-1.1.1.57,"MST-1.1.1.57",false,"False",,,,,,,"Under Range Error (1)",false,false,"False",false,"MST-1.1.1.57","MST",,false,
MST-1.1.1.58,"MST-1.1.1.58",false,"False",,,,,,,"Under Range Error (2)",false,false,"False",false,"MST-1.1.1.58","MST",,false,
MST-1.1.1.59,"MST-1.1.1.59",false,"False",,,,,,,"Under Range Error (3)",false,false,"False",false,"MST-1.1.1.59","MST",,false,
MST-1.1.1.60,"MST-1.1.1.60",false,"False",,,,,,,"Under Range Error (4)",false,false,"False",false,"MST-1.1.1.60","MST",,false,
MST-1.1.1.61,"MST-1.1.1.61",false,"False",,,,,,,"Under Range Error (5)",false,false,"False",false,"MST-1.1.1.61","MST",,false,
MST-1.1.1.62,"MST-1.1.1.62",false,"False",,,,,,,"Under Range Error (6)",false,false,"False",false,"MST-1.1.1.62","MST",,false,
MST-1.1.1.63,"MST-1.1.1.63",false,"False",,,,,,,"Under Range Error (7)",false,false,"False",false,"MST-1.1.1.63","MST",,false,
MST-1.1.1.64,"MST-1.1.1.64",false,"False",,,,,,,"Under Range Error (8)",false,false,"False",false,"MST-1.1.1.64","MST",,false,
MST-1.1.1.89,"MST-1.1.1.89",false,"False",,,,,,,"Over Range Error (1)",false,false,"False",false,"MST-1.1.1.89","MST",,false,
MST-1.1.1.90,"MST-1.1.1.90",false,"False",,,,,,,"Over Range Error (2)",false,false,"False",false,"MST-1.1.1.90","MST",,false,
MST-1.1.1.91,"MST-1.1.1.91",false,"False",,,,,,,"Over Range Error (3)",false,false,"False",false,"MST-1.1.1.91","MST",,false,
MST-1.1.1.92,"MST-1.1.1.92",false,"False",,,,,,,"Over Range Error (4)",false,false,"False",false,"MST-1.1.1.92","MST",,false,
MST-1.1.1.93,"MST-1.1.1.93",false,"False",,,,,,,"Over Range Error (5)",false,false,"False",false,"MST-1.1.1.93","MST",,false,
MST-1.1.1.94,"MST-1.1.1.94",false,"False",,,,,,,"Over Range Error (6)",false,false,"False",false,"MST-1.1.1.94","MST",,false,
MST-1.1.1.95,"MST-1.1.1.95",false,"False",,,,,,,"Over Range Error (7)",false,false,"False",false,"MST-1.1.1.95","MST",,false,
MST-1.1.1.96,"MST-1.1.1.96",false,"False",,,,,,,"Over Range Error (8)",false,false,"False",false,"MST-1.1.1.96","MST",,false,
C-000059,"MassInv-Active",false,"False",,,,,,,,false,false,"False",false,,"C",,false,
C-000086,"MassInv-Call",false,"False",,,,,,,,false,false,"False",false,,"C",,false,
S32-000040,"MassInv-Loop Time",false,"0",,,,,,,,false,false,"0",false,,"S32",,false,
C-000055,"MassInv-Loop Timer Complete",false,"False",,,,,,,,false,false,"False",false,,"C",,false,
S32-000041,"MassInv-Loop Tuned Delay csec",false,"0",,,,,,,,false,false,"0",false,,"S32",,false,
C-000074,"MassInv-ReadyForCompressor",false,"False",,,,,,,,false,false,"False",false,,"C",,false,
F32-000012,"MassInv-RollingFlowMax",false,"0.0",,,,,,,,false,false,"0.0",false,,"F32",,false,
F32-000013,"MassInv-RollingFlowMin",false,"0.0",,,,,,,,false,false,"0.0",false,,"F32",,false,
F32-000014,"MassInv-RollingFlowRange",false,"0.0",,,,,,,,false,false,"0.0",false,,"F32",,false,
AR1F32-000004,"MassInv-RollingFlowRates()",FALSE,,,,,,30,,,,,,false,,"AR1F32",,
AR1F32-000004(1),"MassInv-RollingFlowRates(1)",FALSE,"0.0",,,,,30,,,,,,false,,"AR1F32",,false
AR1F32-000004(2),"MassInv-RollingFlowRates(2)",FALSE,"0.0",,,,,,,,,,,false,,"AR1F32",,false
AR1F32-000004(3),"MassInv-RollingFlowRates(3)",FALSE,"0.0",,,,,,,,,,,false,,"AR1F32",,false
AR1F32-000004(4),"MassInv-RollingFlowRates(4)",FALSE,"0.0",,,,,,,,,,,false,,"AR1F32",,false
AR1F32-000004(5),"MassInv-RollingFlowRates(5)",FALSE,"0.0",,,,,,,,,,,false,,"AR1F32",,false
AR1F32-000004(6),"MassInv-RollingFlowRates(6)",FALSE,"0.0",,,,,,,,,,,false,,"AR1F32",,false
AR1F32-000004(7),"MassInv-RollingFlowRates(7)",FALSE,"0.0",,,,,,,,,,,false,,"AR1F32",,false
AR1F32-000004(8),"MassInv-RollingFlowRates(8)",FALSE,"0.0",,,,,,,,,,,false,,"AR1F32",,false
AR1F32-000004(9),"MassInv-RollingFlowRates(9)",FALSE,"0.0",,,,,,,,,,,false,,"AR1F32",,false
AR1F32-000004(10),"MassInv-RollingFlowRates(10)",FALSE,"0.0",,,,,,,,,,,false,,"AR1F32",,false
AR1F32-000004(11),"MassInv-RollingFlowRates(11)",FALSE,"0.0",,,,,,,,,,,false,,"AR1F32",,false
AR1F32-000004(12),"MassInv-RollingFlowRates(12)",FALSE,"0.0",,,,,,,,,,,false,,"AR1F32",,false
AR1F32-000004(13),"MassInv-RollingFlowRates(13)",FALSE,"0.0",,,,,,,,,,,false,,"AR1F32",,false
AR1F32-000004(14),"MassInv-RollingFlowRates(14)",FALSE,"0.0",,,,,,,,,,,false,,"AR1F32",,false
AR1F32-000004(15),"MassInv-RollingFlowRates(15)",FALSE,"0.0",,,,,,,,,,,false,,"AR1F32",,false
AR1F32-000004(16),"MassInv-RollingFlowRates(16)",FALSE,"0.0",,,,,,,,,,,false,,"AR1F32",,false
AR1F32-000004(17),"MassInv-RollingFlowRates(17)",FALSE,"0.0",,,,,,,,,,,false,,"AR1F32",,false
AR1F32-000004(18),"MassInv-RollingFlowRates(18)",FALSE,"0.0",,,,,,,,,,,false,,"AR1F32",,false
AR1F32-000004(19),"MassInv-RollingFlowRates(19)",FALSE,"0.0",,,,,,,,,,,false,,"AR1F32",,false
AR1F32-000004(20),"MassInv-RollingFlowRates(20)",FALSE,"0.0",,,,,,,,,,,false,,"AR1F32",,false
AR1F32-000004(21),"MassInv-RollingFlowRates(21)",FALSE,"0.0",,,,,,,,,,,false,,"AR1F32",,false
AR1F32-000004(22),"MassInv-RollingFlowRates(22)",FALSE,"0.0",,,,,,,,,,,false,,"AR1F32",,false
AR1F32-000004(23),"MassInv-RollingFlowRates(23)",FALSE,"0.0",,,,,,,,,,,false,,"AR1F32",,false
AR1F32-000004(24),"MassInv-RollingFlowRates(24)",FALSE,"0.0",,,,,,,,,,,false,,"AR1F32",,false
AR1F32-000004(25),"MassInv-RollingFlowRates(25)",FALSE,"0.0",,,,,,,,,,,false,,"AR1F32",,false
AR1F32-000004(26),"MassInv-RollingFlowRates(26)",FALSE,"0.0",,,,,,,,,,,false,,"AR1F32",,false
AR1F32-000004(27),"MassInv-RollingFlowRates(27)",FALSE,"0.0",,,,,,,,,,,false,,"AR1F32",,false
AR1F32-000004(28),"MassInv-RollingFlowRates(28)",FALSE,"0.0",,,,,,,,,,,false,,"AR1F32",,false
AR1F32-000004(29),"MassInv-RollingFlowRates(29)",FALSE,"0.0",,,,,,,,,,,false,,"AR1F32",,false
AR1F32-000004(30),"MassInv-RollingFlowRates(30)",FALSE,"0.0",,,,,,,,,,,false,,"AR1F32",,false
C-000062,"MassInv-ShutdownComplete",false,"False",,,,,,,,false,false,"False",false,,"C",,false,
S32-000060,"MassInv-ShutdownTimer",false,"0",,,,,,,,false,false,"0",false,,"S32",,false,
C-000063,"MassInv-ShutdownValvesSet",false,"False",,,,,,,,false,false,"False",false,,"C",,false,
C-000061,"MassInv-ShuttingDown",false,"False",,,,,,,,false,false,"False",false,,"C",,false,
F32-000010,"MassInv-Target Bias barg",false,"0.0",,,,,,,,false,false,"0.0",false,,"F32",,false,
F32-000005,"MassInv-Target Pressure barg",false,"0.0",,,,,,,,false,false,"0.0",false,,"F32",,false,
C-000068,"MassInv-Target bias finished",false,"False",,,,,,,,false,false,"False",false,,"C",,false,
S32-000064,"MassInv-Target bias time",false,"0",,,,,,,,false,false,"0",false,,"S32",,false,
AR1F32-000002,"MassInv-TargetPrsr Limits barg()",FALSE,,,,,,2,,,,,,false,,"AR1F32",,
AR1F32-000002(1),"MassInv-TargetPrsr Limits barg(1)",FALSE,"0.0",,,,,2,,,,,,false,,"AR1F32",,false
AR1F32-000002(2),"MassInv-TargetPrsr Limits barg(2)",FALSE,"0.0",,,,,,,,,,,false,,"AR1F32",,false
C-000099,"MassInv-ValveOpenDone",false,"False",,,,,,,,false,false,"False",false,,"C",,false,
S32-000080,"MassInv-ValveOpenTimer",false,"0",,,,,,,,false,false,"0",false,,"S32",,false,
SBR-001013,"Noncritical Error Bit",false,"False",,,,,,,"On when a noncritical error is active",,,,false,,"SBR",,false,
SWR-000021,"Noncritical Error Log 01",false,"0",,,,,,,"most recent noncritical error",,,,false,,"SWR",,false,
SWR-000022,"Noncritical Error Log 02",false,"0",,,,,,,"2nd most recent noncritical error",,,,false,,"SWR",,false,
SWR-000023,"Noncritical Error Log 03",false,"0",,,,,,,"3rd most recent noncritical error",,,,false,,"SWR",,false,
SWR-000024,"Noncritical Error Log 04",false,"0",,,,,,,"4th most recent noncritical error",,,,false,,"SWR",,false,
SWR-000025,"Noncritical Error Log 05",false,"0",,,,,,,"5th most recent noncritical error",,,,false,,"SWR",,false,
SWR-000026,"Noncritical Error Log 06",false,"0",,,,,,,"6th most recent noncritical error",,,,false,,"SWR",,false,
SWR-000027,"Noncritical Error Log 07",false,"0",,,,,,,"7th most recent noncritical error",,,,false,,"SWR",,false,
SWR-000028,"Noncritical Error Log 08",false,"0",,,,,,,"8th most recent noncritical error",,,,false,,"SWR",,false,
SWR-000029,"Noncritical Error Log 09",false,"0",,,,,,,"9th most recent noncritical error",,,,false,,"SWR",,false,
SWR-000030,"Noncritical Error Log 10",false,"0",,,,,,,"10th most recent noncritical error",,,,false,,"SWR",,false,
SWR-000031,"Noncritical Error Log 11",false,"0",,,,,,,"11th most recent noncritical error",,,,false,,"SWR",,false,
SWR-000032,"Noncritical Error Log 12",false,"0",,,,,,,"12th most recent noncritical error",,,,false,,"SWR",,false,
SWR-000033,"Noncritical Error Log 13",false,"0",,,,,,,"13th most recent noncritical error",,,,false,,"SWR",,false,
SWR-000034,"Noncritical Error Log 14",false,"0",,,,,,,"14th most recent noncritical error",,,,false,,"SWR",,false,
SWR-000035,"Noncritical Error Log 15",false,"0",,,,,,,"15th most recent noncritical error",,,,false,,"SWR",,false,
SWR-000036,"Noncritical Error Log 16",false,"0",,,,,,,"16th most recent noncritical error",,,,false,,"SWR",,false,
SWR-000037,"Noncritical Error Log 17",false,"0",,,,,,,"17th most recent noncritical error",,,,false,,"SWR",,false,
SWR-000038,"Noncritical Error Log 18",false,"0",,,,,,,"18th most recent noncritical error",,,,false,,"SWR",,false,
SWR-000039,"Noncritical Error Log 19",false,"0",,,,,,,"19th most recent noncritical error",,,,false,,"SWR",,false,
SWR-000040,"Noncritical Error Log 20",false,"0",,,,,,,"20th most recent noncritical error",,,,false,,"SWR",,false,
SSTR-000021,"Noncritical Error Log String 01",false,,,,50,,,,"most recent noncritical error message",,,,false,,"SSTR",,false,
SSTR-000022,"Noncritical Error Log String 02",false,,,,50,,,,"2nd most recent noncritical error message",,,,false,,"SSTR",,false,
SSTR-000023,"Noncritical Error Log String 03",false,,,,50,,,,"3rd most recent noncritical error message",,,,false,,"SSTR",,false,
SSTR-000024,"Noncritical Error Log String 04",false,,,,50,,,,"4th most recent noncritical error message",,,,false,,"SSTR",,false,
SSTR-000025,"Noncritical Error Log String 05",false,,,,50,,,,"5th most recent noncritical error message",,,,false,,"SSTR",,false,
SSTR-000026,"Noncritical Error Log String 06",false,,,,50,,,,"6th most recent noncritical error message",,,,false,,"SSTR",,false,
SSTR-000027,"Noncritical Error Log String 07",false,,,,50,,,,"7th most recent noncritical error message",,,,false,,"SSTR",,false,
SSTR-000028,"Noncritical Error Log String 08",false,,,,50,,,,"8th most recent noncritical error message",,,,false,,"SSTR",,false,
SSTR-000029,"Noncritical Error Log String 09",false,,,,50,,,,"9th most recent noncritical error message",,,,false,,"SSTR",,false,
SSTR-000030,"Noncritical Error Log String 10",false,,,,50,,,,"10th most recent noncritical error message",,,,false,,"SSTR",,false,
SSTR-000031,"Noncritical Error Log String 11",false,,,,50,,,,"11th most recent noncritical error message",,,,false,,"SSTR",,false,
SSTR-000032,"Noncritical Error Log String 12",false,,,,50,,,,"12th most recent noncritical error message",,,,false,,"SSTR",,false,
SSTR-000033,"Noncritical Error Log String 13",false,,,,50,,,,"13th most recent noncritical error message",,,,false,,"SSTR",,false,
SSTR-000034,"Noncritical Error Log String 14",false,,,,50,,,,"14th most recent noncritical error message",,,,false,,"SSTR",,false,
SSTR-000035,"Noncritical Error Log String 15",false,,,,50,,,,"15th most recent noncritical error message",,,,false,,"SSTR",,false,
SSTR-000036,"Noncritical Error Log String 16",false,,,,50,,,,"16th most recent noncritical error message",,,,false,,"SSTR",,false,
SSTR-000037,"Noncritical Error Log String 17",false,,,,50,,,,"17th most recent noncritical error message",,,,false,,"SSTR",,false,
SSTR-000038,"Noncritical Error Log String 18",false,,,,50,,,,"18th most recent noncritical error message",,,,false,,"SSTR",,false,
SSTR-000039,"Noncritical Error Log String 19",false,,,,50,,,,"19th most recent noncritical error message",,,,false,,"SSTR",,false,
SSTR-000040,"Noncritical Error Log String 20",false,,,,50,,,,"20th most recent noncritical error message",,,,false,,"SSTR",,false,
SWRW-000251,"Number of Critical Errors",false,"0",,,,,,,"number of critical errors",,,,false,,"SWRW",,false,
SWRW-000252,"Number of Non-critical Errors",false,"0",,,,,,,"number of noncritical errors",,,,false,,"SWRW",,false,
S16-000006,"PM_ACC1_ENGY",false,"0",,,,,,,,false,false,"0",false,,"S16",,false,
S16-000007,"PM_ACC1_HZ",false,"0",,,,,,,,false,false,"0",false,,"S16",,false,
S16-000008,"PM_ACC1_LL",false,"0",,,,,,,,false,false,"0",false,,"S16",,false,
S16-000009,"PM_ACC1_LN",false,"0",,,,,,,,false,false,"0",false,,"S16",,false,
S16-000010,"PM_ACC1_PWR",false,"0",,,,,,,,false,false,"0",false,,"S16",,false,
S16-000011,"PM_ACC2_ENGY",false,"0",,,,,,,,false,false,"0",false,,"S16",,false,
S16-000012,"PM_ACC2_HZ",false,"0",,,,,,,,false,false,"0",false,,"S16",,false,
S16-000013,"PM_ACC2_LL",false,"0",,,,,,,,false,false,"0",false,,"S16",,false,
S16-000014,"PM_ACC2_LN",false,"0",,,,,,,,false,false,"0",false,,"S16",,false,
S16-000015,"PM_ACC2_PWR",false,"0",,,,,,,,false,false,"0",false,,"S16",,false,
S16-000001,"PM_COMP_ENGY",false,"0",,,,,,,,false,false,"0",false,,"S16",,false,
S16-000002,"PM_COMP_HZ",false,"0",,,,,,,,false,false,"0",false,,"S16",,false,
S16-000003,"PM_COMP_LL",false,"0",,,,,,,,false,false,"0",false,,"S16",,false,
S16-000004,"PM_COMP_LN",false,"0",,,,,,,,false,false,"0",false,,"S16",,false,
S16-000005,"PM_COMP_PWR",false,"0",,,,,,,,false,false,"0",false,,"S16",,false,
S16-000016,"PM_EXP_HZ",false,"0",,,,,,,,false,false,"0",false,,"S16",,false,
S16-000017,"PM_EXP_L1_AMPS",false,"0",,,,,,,,false,false,"0",false,,"S16",,false,
S16-000018,"PM_EXP_L1_VOLTS",false,"0",,,,,,,,false,false,"0",false,,"S16",,false,
S16-000019,"PM_EXP_L2_AMPS",false,"0",,,,,,,,false,false,"0",false,,"S16",,false,
S16-000020,"PM_EXP_L2_VOLTS",false,"0",,,,,,,,false,false,"0",false,,"S16",,false,
S16-000021,"PM_EXP_L3_AMPS",false,"0",,,,,,,,false,false,"0",false,,"S16",,false,
S16-000022,"PM_EXP_PF",false,"0",,,,,,,,false,false,"0",false,,"S16",,false,
S16-000023,"PM_EXP_PWR",false,"0",,,,,,,,false,false,"0",false,,"S16",,false,
F32-000015,"PT001_ACC1in-PSI",false,"0.0",,,,,,,,false,false,"0.0",false,,"F32",,false,
F32-000027,"PT001_ACC1in-barg",false,"0.0",,,,,,,,false,false,"0.0",false,,"F32",,false,
AIS32-0.1.8.1,"PT001_ACC1in-int32",false,"0",,,,,,,,false,false,"0",false,"AIS32-0.1.8.1","AIS32",,false,
F32-000016,"PT002_ExpOut-PSI",false,"0.0",,,,,,,,false,false,"0.0",false,,"F32",,false,
F32-000028,"PT002_ExpOut-barg",false,"0.0",,,,,,,,false,false,"0.0",false,,"F32",,false,
AIS32-0.1.8.2,"PT002_ExpOut-int32",false,"0",,,,,,,,false,false,"0",false,"AIS32-0.1.8.2","AIS32",,false,
F32-000017,"PT003_CompIn-PSI",false,"0.0",,,,,,,,false,false,"0.0",false,,"F32",,false,
F32-000029,"PT003_CompIn-barg",false,"0.0",,,,,,,,false,false,"0.0",false,,"F32",,false,
AIS32-0.1.8.3,"PT003_CompIn-int32",false,"0",,,,,,,,false,false,"0",false,"AIS32-0.1.8.3","AIS32",,false,
F32-000018,"PT004_HPAccu-PSI",false,"0.0",,,,,,,,false,false,"0.0",false,,"F32",,false,
F32-000030,"PT004_HPAccu-barg",false,"0.0",,,,,,,,false,false,"0.0",false,,"F32",,false,
AIS32-0.1.8.4,"PT004_HPAccu-int32",false,"0",,,,,,,,false,false,"0",false,"AIS32-0.1.8.4","AIS32",,false,
F32-000019,"PT005_CompOut_THAR-PSI",false,"0.0",,,,,,,,false,false,"0.0",false,,"F32",,false,
F32-000031,"PT005_CompOut_THAR-barg",false,"0.0",,,,,,,,false,false,"0.0",false,,"F32",,false,
AIS32-0.1.8.5,"PT005_CompOut_THAR-int32",false,"0",,,,,,,,false,false,"0",false,"AIS32-0.1.8.5","AIS32",,false,
F32-000020,"PT006_ACC2In-PSI",false,"0.0",,,,,,,,false,false,"0.0",false,,"F32",,false,
F32-000032,"PT006_ACC2In-barg",false,"0.0",,,,,,,,false,false,"0.0",false,,"F32",,false,
AIS32-0.1.8.6,"PT006_ACC2In-int32",false,"0",,,,,,,,false,false,"0",false,"AIS32-0.1.8.6","AIS32",,false,
F32-000021,"PT007_ACC2Out-PSI",false,"0.0",,,,,,,,false,false,"0.0",false,,"F32",,false,
F32-000033,"PT007_ACC2Out-barg",false,"0.0",,,,,,,,false,false,"0.0",false,,"F32",,false,
AIS32-0.1.8.7,"PT007_ACC2Out-int32",false,"0",,,,,,,,false,false,"0",false,"AIS32-0.1.8.7","AIS32",,false,
F32-000022,"PT008_HeatIn-PSI",false,"0.0",,,,,,,,false,false,"0.0",false,,"F32",,false,
F32-000034,"PT008_HeatIn-barg",false,"0.0",,,,,,,,false,false,"0.0",false,,"F32",,false,
AIS32-0.1.8.8,"PT008_HeatIn-int32",false,"0",,,,,,,,false,false,"0",false,"AIS32-0.1.8.8","AIS32",,false,
S32-000066,"PT009-PT010-Difference",false,"0",,,,,,,,false,false,"0",false,,"S32",,false,
F32-000023,"PT009_ExpIn-PSI",false,"0.0",,,,,,,,false,false,"0.0",false,,"F32",,false,
F32-000035,"PT009_ExpIn-barg",false,"0.0",,,,,,,,false,false,"0.0",false,,"F32",,false,
AIS32-0.1.8.9,"PT009_ExpIn-int32",false,"0",,,,,,,,false,false,"0",false,"AIS32-0.1.8.9","AIS32",,false,
F32-000024,"PT010_ExpOut-PSI",false,"0.0",,,,,,,,false,false,"0.0",false,,"F32",,false,
F32-000036,"PT010_ExpOut-barg",false,"0.0",,,,,,,,false,false,"0.0",false,,"F32",,false,
AIS32-0.1.8.10,"PT010_ExpOut-int32",false,"0",,,,,,,,false,false,"0",false,"AIS32-0.1.8.10","AIS32",,false,
F32-000025,"PT011_LPAccu-PSI",false,"0.0",,,,,,,,false,false,"0.0",false,,"F32",,false,
F32-000037,"PT011_LPAccu-barg",false,"0.0",,,,,,,,false,false,"0.0",false,,"F32",,false,
AIS32-0.1.8.11,"PT011_LPAccu-int32",false,"0",,,,,,,,false,false,"0",false,"AIS32-0.1.8.11","AIS32",,false,
SSTRUC-000003,"PWR_MTR_ACC1",false,"null",,,,,,,"System Structure for Modbus Read",,,,false,,"SSTRUC","MRX",false,
C-000107,"PWR_MTR_ACC1.Complete",false,"False",,,,,,,,false,false,"False",false,,"C","MRX",false,
C-000109,"PWR_MTR_ACC1.Error",false,"False",,,,,,,,false,false,"False",false,,"C","MRX",false,
STR-000003,"PWR_MTR_ACC1.ExcResponse",false,,,,15,,,,,,,,false,,"STR","MRX",false,
C-000106,"PWR_MTR_ACC1.InProgress",false,"False",,,,,,,,false,false,"False",false,,"C","MRX",false,
C-000108,"PWR_MTR_ACC1.Success",false,"False",,,,,,,,false,false,"False",false,,"C","MRX",false,
C-000110,"PWR_MTR_ACC1.Timeout",false,"False",,,,,,,,false,false,"False",false,,"C","MRX",false,
SSTRUC-000004,"PWR_MTR_ACC2",false,"null",,,,,,,"System Structure for Modbus Read",,,,false,,"SSTRUC","MRX",false,
C-000112,"PWR_MTR_ACC2.Complete",false,"False",,,,,,,,false,false,"False",false,,"C","MRX",false,
C-000114,"PWR_MTR_ACC2.Error",false,"False",,,,,,,,false,false,"False",false,,"C","MRX",false,
STR-000004,"PWR_MTR_ACC2.ExcResponse",false,,,,15,,,,,,,,false,,"STR","MRX",false,
C-000111,"PWR_MTR_ACC2.InProgress",false,"False",,,,,,,,false,false,"False",false,,"C","MRX",false,
C-000113,"PWR_MTR_ACC2.Success",false,"False",,,,,,,,false,false,"False",false,,"C","MRX",false,
C-000115,"PWR_MTR_ACC2.Timeout",false,"False",,,,,,,,false,false,"False",false,,"C","MRX",false,
SSTRUC-000002,"PWR_MTR_COMP",false,"null",,,,,,,"System Structure for Modbus Read",,,,false,,"SSTRUC","MRX",false,
C-000102,"PWR_MTR_COMP.Complete",false,"False",,,,,,,,false,false,"False",false,,"C","MRX",false,
C-000104,"PWR_MTR_COMP.Error",false,"False",,,,,,,,false,false,"False",false,,"C","MRX",false,
STR-000002,"PWR_MTR_COMP.ExcResponse",false,,,,15,,,,,,,,false,,"STR","MRX",false,
C-000101,"PWR_MTR_COMP.InProgress",false,"False",,,,,,,,false,false,"False",false,,"C","MRX",false,
C-000103,"PWR_MTR_COMP.Success",false,"False",,,,,,,,false,false,"False",false,,"C","MRX",false,
C-000105,"PWR_MTR_COMP.Timeout",false,"False",,,,,,,,false,false,"False",false,,"C","MRX",false,
SSTRUC-000005,"PWR_MTR_EXP",false,"null",,,,,,,"System Structure for Modbus Read",,,,false,,"SSTRUC","MRX",false,
C-000117,"PWR_MTR_EXP.Complete",false,"False",,,,,,,,false,false,"False",false,,"C","MRX",false,
C-000119,"PWR_MTR_EXP.Error",false,"False",,,,,,,,false,false,"False",false,,"C","MRX",false,
STR-000005,"PWR_MTR_EXP.ExcResponse",false,,,,15,,,,,,,,false,,"STR","MRX",false,
C-000116,"PWR_MTR_EXP.InProgress",false,"False",,,,,,,,false,false,"False",false,,"C","MRX",false,
C-000118,"PWR_MTR_EXP.Success",false,"False",,,,,,,,false,false,"False",false,,"C","MRX",false,
C-000120,"PWR_MTR_EXP.Timeout",false,"False",,,,,,,,false,false,"False",false,,"C","MRX",false,
SWR-001505,"Peak Logic Scan Time [x100=usec]",false,"0",,,,,,,"longest logic scan time",,,,false,,"SWR",,false,
SWR-001502,"Peak Scan Interval [x100=usec]",false,"0",,,,,,,"longest overall scan time",,,,false,,"SWR",,false,
C-000048,"Permissives-AB Met",false,"False",,,,,,,,false,false,"False",false,,"C",,false,
C-000100,"Permissives-Passed",false,"False",,,,,,,,false,false,"False",false,,"C",,false,
SBRW-001006,"Portable Memory Device Eject",false,"False",,,,,,,"Users set to 1(ON) and the system reset to 0 as eject is completed",,,,false,,"SBRW",,false,
SBR-000001,"Portable Memory Device Ready",false,"False",,,,,,,"PMD is installed and ready to use",,,,false,,"SBR",,false,
SWR-001512,"Program Memory Size",false,"0",,,,,,,"current percentage of CPU memory used by the project",,,,false,,"SWR",,false,
SBRW-001003,"Refresh Critical Error Log",false,"False",,,,,,,"set On to refresh the ""Critical Error Log""",,,,false,,"SBRW",,false,
SBRW-001004,"Refresh Non-Critical Error Log",false,"False",,,,,,,"set On to refresh the ""Noncritical Error Log""",,,,false,,"SBRW",,false,
S32-000062,"ReplaceMe",false,"0",,,,,,,,false,false,"0",false,,"S32",,false,
SSTR-000103,"Requested Module Name",false,,,,50,,,,"name of specified module (see ""Identify Module Request bit"")",,,,false,,"SSTR",,false,
C-000045,"Screen Input-ACCs Activated",false,"False",,,,,,,,false,false,"False",false,,"C",,false,
US16-000001,"Screen Input-Amb Temp Choice",true,"0",,,,,,,,false,false,"0",false,,"US16",,false,
C-000079,"Screen Input-Confirm EVs Closed",false,"False",,,,,,,,false,false,"False",false,,"C",,false,
C-000097,"Screen Input-ConfirmEVs shutdown",false,"False",,,,,,,,false,false,"False",false,,"C",,false,
C-000081,"Screen Input-Expander Ready",false,"False",,,,,,,,false,false,"False",false,,"C",,false,
C-000044,"Screen Input-Load Bank Available",false,"False",,,,,,,,false,false,"False",false,,"C",,false,
C-000078,"Screen Input-MassInv Ready",false,"False",,,,,,,,false,false,"False",false,,"C",,false,
C-000046,"Screen Input-Valves in Startup",false,"False",,,,,,,,false,false,"False",false,,"C",,false,
C-000077,"Screen-ACCs&Valves&LoadBankConf",false,"False",,,,,,,,false,false,"False",false,,"C",,false,
S32-000035,"Screen-Base Screen Number",false,"0",,,,,,,,false,false,"0",false,,"S32",,false,
C-000089,"Screen-CheckedAll",false,"False",,,,,,,,false,false,"False",false,,"C",,false,
C-000121,"Screen-CompressorOn",false,"False",,,,,,,,false,false,"False",false,,"C",,false,
C-000082,"Screen-ExpanderStartupVisited",false,"False",,,,,,,,false,false,"False",false,,"C",,false,
C-000087,"Screen-Permissives Err 1",false,"False",,,,,,,,false,false,"False",false,,"C",,false,
C-000088,"Screen-Permissives Err 2",false,"False",,,,,,,,false,false,"False",false,,"C",,false,
C-000051,"Screen-Perms not met done",false,"False",,,,,,,,false,false,"False",false,,"C",,false,
S32-000034,"Screen-Perms not met timer",false,"0",,,,,,,,false,false,"0",false,,"S32",,false,
C-000084,"Screen-ReturnToBaseScreen",false,"False",,,,,,,,false,false,"False",false,,"C",,false,
BCD16-000001,"Screen-Screen Number",false,"1",,,,,,,,false,false,"0",false,,"BCD16",,false,
C-000050,"Screen-Startup perms not met",false,"False",,,,,,,,false,false,"False",false,,"C",,false,
C-000080,"Screen-TE007>34",true,"False",,,,,,,,false,false,"False",false,,"C",,false,
C-000032,"Shutdown-Complete",false,"False",,,,,,,,false,false,"False",false,,"C",,false,
S32-000061,"Shutdown-MOVTimer",false,"0",,,,,,,,false,false,"0",false,,"S32",,false,
C-000098,"Shutdown-MOVTimerDone",false,"False",,,,,,,,false,false,"False",false,,"C",,false,
C-000065,"Shutdown-MOVsReset",false,"False",,,,,,,,false,false,"False",false,,"C",,false,
C-000064,"Shutdown-MOVsResetting",false,"False",,,,,,,,false,false,"False",false,,"C",,false,
C-000029,"Shutdown-P1-Begin",false,"False",,,,,,,,false,false,"False",false,,"C",,false,
C-000031,"Shutdown-P1-Complete",false,"False",,,,,,,,false,false,"False",false,,"C",,false,
C-000030,"Shutdown-P1-End",false,"False",,,,,,,,false,false,"False",false,,"C",,false,
C-000026,"Shutdown-P2-Begin",false,"False",,,,,,,,false,false,"False",false,,"C",,false,
C-000028,"Shutdown-P2-Complete",false,"False",,,,,,,,false,false,"False",false,,"C",,false,
C-000027,"Shutdown-P2-End",false,"False",,,,,,,,false,false,"False",false,,"C",,false,
C-000023,"Shutdown-P3-Begin",false,"False",,,,,,,,false,false,"False",false,,"C",,false,
C-000025,"Shutdown-P3-Complete",false,"False",,,,,,,,false,false,"False",false,,"C",,false,
C-000024,"Shutdown-P3-End",false,"False",,,,,,,,false,false,"False",false,,"C",,false,
C-000020,"Shutdown-P3-Started",false,"False",,,,,,,,false,false,"False",false,,"C",,false,
C-000021,"Shutdown-P4-Begin",false,"False",,,,,,,,false,false,"False",false,,"C",,false,
C-000019,"Shutdown-P4-Complete",false,"False",,,,,,,,false,false,"False",false,,"C",,false,
C-000022,"Shutdown-P4-End",false,"False",,,,,,,,false,false,"False",false,,"C",,false,
C-000018,"Shutdown-Started",false,"False",,,,,,,,false,false,"False",false,,"C",,false,
S32-000004,"Shutdown-Timer",false,"0",,,,,,,,false,false,"0",false,,"S32",,false,
SBR-001010,"Switch in Run Bit",false,"False",,,,,,,"On if CPU Switch is up (Run)",,,,false,,"SBR",,false,
SBR-001011,"Switch in Stop Bit",false,"False",,,,,,,"On if CPU Switch is down (Stop)",,,,false,,"SBR",,false,
C-000040,"Sys Transient Stable",false,"False",,,,,,,,false,false,"False",false,,"C",,false,
C-000037,"Sys Transient Stable 5min",false,"False",,,,,,,,false,false,"False",false,,"C",,false,
S32-000019,"Sys Transient Time",false,"0",,,,,,,,false,false,"0",false,,"S32",,false,
F32-000007,"System-Ambient Temp",false,"0.0",,,,,,,,false,false,"0.0",false,,"F32",,false,
S32-000001,"System-Uptime",false,"0",,,,,,,,false,false,"0",false,,"S32",,false,
C-000009,"System-isOn",false,"False",,,,,,,,false,false,"False",false,,"C",,false,
AIF32-0.1.1.1,"TE001_ExpOut-degC",false,"0.0",,,,,,,,false,false,"0.0",false,"AIF32-0.1.1.1","AIF32",,false,
AIF32-1.1.1.1,"TE002_ACC1InCO2-degC",false,"0.0",,,,,,,,false,false,"0.0",false,"AIF32-1.1.1.1","AIF32",,false,
AIF32-1.1.1.2,"TE003_ACC1OutAir-degC",false,"0.0",,,,,,,,false,false,"0.0",false,"AIF32-1.1.1.2","AIF32",,false,
F32-000041,"TE004_ACC1RejectAir-degC",false,"0.0",,,,,,,,false,false,"0.0",false,,"F32",,false,
AIS32-0.1.8.15,"TE004_ACC1RejectAir-int32",false,"0",,,,,,,,false,false,"0",false,"AIS32-0.1.8.15","AIS32",,false,
F32-000038,"TE005/TE012-Average",false,"0.0",,,,,,,,false,false,"0.0",false,,"F32",,false,
AIF32-1.1.1.3,"TE005_ACC1InAir-degC",false,"0.0",,,,,,,,false,false,"0.0",false,"AIF32-1.1.1.3","AIF32",,false,
AIF32-1.1.1.4,"TE006_ACC1OutCO2-degC",false,"0.0",,,,,,,,false,false,"0.0",false,"AIF32-1.1.1.4","AIF32",,false,
AIF32-0.1.1.3,"TE007_CompInCO2-degC",false,"0.0",,,,,,,,false,false,"0.0",false,"AIF32-0.1.1.3","AIF32",,false,
AIF32-0.1.1.4,"TE008_CompOutCO2-degC",false,"0.0",,,,,,,,false,false,"0.0",false,"AIF32-0.1.1.4","AIF32",,false,
AIF32-1.1.1.5,"TE009_ACC2InCO2-degC",false,"0.0",,,,,,,,false,false,"0.0",false,"AIF32-1.1.1.5","AIF32",,false,
F32-000042,"TE010_ACC2RejectAir-degC",false,"0.0",,,,,,,,false,false,"0.0",false,,"F32",,false,
AIS32-0.1.7.4,"TE010_ACC2RejectAir-int32",false,"0",,,,,,,,false,false,"0",false,"AIS32-0.1.7.4","AIS32",,false,
AIF32-1.1.1.6,"TE011_ACC2OutAir-degC",false,"0.0",,,,,,,,false,false,"0.0",false,"AIF32-1.1.1.6","AIF32",,false,
AIF32-1.1.1.7,"TE012_ACC2InAir-degC",false,"0.0",,,,,,,,false,false,"0.0",false,"AIF32-1.1.1.7","AIF32",,false,
AIF32-1.1.1.8,"TE013_ACC2OutCO2-degC",false,"0.0",,,,,,,,false,false,"0.0",false,"AIF32-1.1.1.8","AIF32",,false,
AIF32-0.1.1.6,"TE014_HeatInCO2-degC",false,"0.0",,,,,,,,false,false,"0.0",false,"AIF32-0.1.1.6","AIF32",,false,
C-000072,"TE015_HeatOutCO2-Alarm HI",false,"False",,,,,,,,false,false,"False",false,,"C",,false,
C-000073,"TE015_HeatOutCO2-Alarm HI/HI",false,"False",,,,,,,,false,false,"False",false,,"C",,false,
C-000069,"TE015_HeatOutCO2-Alarm LO",false,"False",,,,,,,,false,false,"False",false,,"C",,false,
C-000070,"TE015_HeatOutCO2-Alarm LO/LO",false,"False",,,,,,,,false,false,"False",false,,"C",,false,
AIF32-0.1.1.7,"TE015_HeatOutCO2-degC",false,"0.0",,,,,,,,false,false,"0.0",false,"AIF32-0.1.1.7","AIF32",,false,
AIF32-0.1.1.8,"TE016_HeatOutCO2Bypass-degC",false,"0.0",,,,,,,,false,false,"0.0",false,"AIF32-0.1.1.8","AIF32",,false,
SSTRUC-000001,"Thar_Compressor",false,"null",,,,,,,"System Structure for Modbus Read",,,,false,,"SSTRUC","MRX",false,
C-000093,"Thar_Compressor.Complete",false,"False",,,,,,,,false,false,"False",false,,"C","MRX",false,
C-000095,"Thar_Compressor.Error",false,"False",,,,,,,,false,false,"False",false,,"C","MRX",false,
STR-000001,"Thar_Compressor.ExcResponse",false,,,,15,,,,,,,,false,,"STR","MRX",false,
C-000092,"Thar_Compressor.InProgress",false,"False",,,,,,,,false,false,"False",false,,"C","MRX",false,
C-000094,"Thar_Compressor.Success",false,"False",,,,,,,,false,false,"False",false,,"C","MRX",false,
C-000096,"Thar_Compressor.Timeout",false,"False",,,,,,,,false,false,"False",false,,"C","MRX",false,
SWR-001507,"Total Scan Count1",false,"0",,,,,,,"total number of scans since entering Run mode (S32 low word)",,,,false,,"SWR",,false,
SWR-001508,"Total Scan Count2",false,"0",,,,,,,"total number of scans since entering Run mode (S32 high word)",,,,false,,"SWR",,false,
SBR-001016,"Watchdog Timeout",false,"False",,,,,,,"On if the actual scan time has exceeded the limit set in the project",,,,false,,"SBR",,false,
C-000083,"testy",false,"False",,,,,,,,false,false,"False",false,,"C",,false,
